[
{
    "model": "auth.user",
    "pk": 1,
    "fields": {
        "password": "pbkdf2_sha256$36000$1lQMM36wqGHg$bWfGtP5IBIrOZmKA1TJweofRXaMq8hOoNfds/rV4LFc=",
        "last_login": "2018-06-06T00:30:58Z",
        "is_superuser": true,
        "username": "kutenai",
        "first_name": "Ed",
        "last_name": "Henderson",
        "email": "ed@tennisblock.com",
        "is_staff": true,
        "is_active": true,
        "date_joined": "2013-10-20T18:54:55Z",
        "groups": [
            1,
            2
        ],
        "user_permissions": []
    }
},
{
    "model": "auth.user",
    "pk": 2,
    "fields": {
        "password": "pbkdf2_sha256$24000$hOdhm21f6P72$07QwB4kDggUxAS5enAJszbXNRgxRjifEYaeTWgufhVY=",
        "last_login": "2016-11-27T23:27:40Z",
        "is_superuser": true,
        "username": "viquee",
        "first_name": "Vicki",
        "last_name": "Henderson",
        "email": "viquee@cableone.net",
        "is_staff": true,
        "is_active": true,
        "date_joined": "2013-10-20T20:40:33Z",
        "groups": [],
        "user_permissions": []
    }
},
{
    "model": "auth.user",
    "pk": 26,
    "fields": {
        "password": "",
        "last_login": "2014-09-10T21:55:36Z",
        "is_superuser": false,
        "username": "dave.bettis",
        "first_name": "Dave",
        "last_name": "Bettis",
        "email": "davebettis@cableone.net",
        "is_staff": false,
        "is_active": false,
        "date_joined": "2014-09-10T21:55:36Z",
        "groups": [],
        "user_permissions": []
    }
},
{
    "model": "auth.user",
    "pk": 27,
    "fields": {
        "password": "",
        "last_login": "2014-09-10T21:55:36Z",
        "is_superuser": false,
        "username": "lisa.bettis",
        "first_name": "Lisa",
        "last_name": "Bettis",
        "email": "lisabettis416@gmail.com",
        "is_staff": false,
        "is_active": false,
        "date_joined": "2014-09-10T21:55:36Z",
        "groups": [],
        "user_permissions": []
    }
},
{
    "model": "auth.user",
    "pk": 28,
    "fields": {
        "password": "",
        "last_login": "2014-09-10T21:55:36Z",
        "is_superuser": false,
        "username": "richard.braithwaite",
        "first_name": "Richard",
        "last_name": "Braithwaite",
        "email": "rbrat56@hotmail.com",
        "is_staff": false,
        "is_active": false,
        "date_joined": "2014-09-10T21:55:36Z",
        "groups": [],
        "user_permissions": []
    }
},
{
    "model": "auth.user",
    "pk": 29,
    "fields": {
        "password": "",
        "last_login": "2014-09-10T21:55:36Z",
        "is_superuser": false,
        "username": "rita.braithwaite",
        "first_name": "Rita",
        "last_name": "Braithwaite",
        "email": "ritabrat64@hotmail.com",
        "is_staff": false,
        "is_active": false,
        "date_joined": "2014-09-10T21:55:36Z",
        "groups": [],
        "user_permissions": []
    }
},
{
    "model": "auth.user",
    "pk": 30,
    "fields": {
        "password": "",
        "last_login": "2014-09-10T21:55:36Z",
        "is_superuser": false,
        "username": "jenny.grunke",
        "first_name": "Jenny",
        "last_name": "Grunke",
        "email": "jcrlaw2000@yahoo.com",
        "is_staff": false,
        "is_active": false,
        "date_joined": "2014-09-10T21:55:36Z",
        "groups": [],
        "user_permissions": []
    }
},
{
    "model": "auth.user",
    "pk": 31,
    "fields": {
        "password": "",
        "last_login": "2014-09-10T21:55:36Z",
        "is_superuser": false,
        "username": "james.grunke",
        "first_name": "James",
        "last_name": "Grunke",
        "email": "jwgrunke@hotmail.com",
        "is_staff": false,
        "is_active": false,
        "date_joined": "2014-09-10T21:55:36Z",
        "groups": [],
        "user_permissions": []
    }
},
{
    "model": "auth.user",
    "pk": 32,
    "fields": {
        "password": "",
        "last_login": "2014-09-10T21:55:36Z",
        "is_superuser": false,
        "username": "marilyn.parker",
        "first_name": "Marilyn",
        "last_name": "Parker",
        "email": "mkparker@spro.net",
        "is_staff": false,
        "is_active": false,
        "date_joined": "2014-09-10T21:55:36Z",
        "groups": [],
        "user_permissions": []
    }
},
{
    "model": "auth.user",
    "pk": 33,
    "fields": {
        "password": "",
        "last_login": "2014-09-10T21:55:36Z",
        "is_superuser": false,
        "username": "rod.kimerling",
        "first_name": "Rod",
        "last_name": "Kimerling",
        "email": "rodnkime@yahoo.com",
        "is_staff": false,
        "is_active": false,
        "date_joined": "2014-09-10T21:55:36Z",
        "groups": [],
        "user_permissions": []
    }
},
{
    "model": "auth.user",
    "pk": 34,
    "fields": {
        "password": "",
        "last_login": "2014-09-10T21:55:36Z",
        "is_superuser": false,
        "username": "jake.putnam",
        "first_name": "Jake",
        "last_name": "Putnam",
        "email": "mjakeputnam@att.net",
        "is_staff": false,
        "is_active": false,
        "date_joined": "2014-09-10T21:55:36Z",
        "groups": [],
        "user_permissions": []
    }
},
{
    "model": "auth.user",
    "pk": 35,
    "fields": {
        "password": "",
        "last_login": "2014-09-10T21:55:36Z",
        "is_superuser": false,
        "username": "lori.mcgraw",
        "first_name": "Lori",
        "last_name": "McGraw",
        "email": "llrfamily3@gmail.com",
        "is_staff": false,
        "is_active": false,
        "date_joined": "2014-09-10T21:55:36Z",
        "groups": [],
        "user_permissions": []
    }
},
{
    "model": "auth.user",
    "pk": 36,
    "fields": {
        "password": "",
        "last_login": "2014-09-10T21:55:36Z",
        "is_superuser": false,
        "username": "gordon.haller",
        "first_name": "Gordon",
        "last_name": "Haller",
        "email": "ghaller@micron.com",
        "is_staff": false,
        "is_active": false,
        "date_joined": "2014-09-10T21:55:36Z",
        "groups": [],
        "user_permissions": []
    }
},
{
    "model": "auth.user",
    "pk": 37,
    "fields": {
        "password": "",
        "last_login": "2014-09-10T21:55:36Z",
        "is_superuser": false,
        "username": "julianne.haller",
        "first_name": "Julianne",
        "last_name": "Haller",
        "email": "jmhaller@cableone.net",
        "is_staff": false,
        "is_active": false,
        "date_joined": "2014-09-10T21:55:36Z",
        "groups": [],
        "user_permissions": []
    }
},
{
    "model": "auth.user",
    "pk": 38,
    "fields": {
        "password": "",
        "last_login": "2014-09-10T21:55:36Z",
        "is_superuser": false,
        "username": "john.pearce",
        "first_name": "John",
        "last_name": "Pearce",
        "email": "drjpearce@aol.com",
        "is_staff": false,
        "is_active": false,
        "date_joined": "2014-09-10T21:55:36Z",
        "groups": [],
        "user_permissions": []
    }
},
{
    "model": "auth.user",
    "pk": 39,
    "fields": {
        "password": "",
        "last_login": "2014-09-10T21:55:36Z",
        "is_superuser": false,
        "username": "corie.pearce",
        "first_name": "Corie",
        "last_name": "Pearce",
        "email": "pearceelc@aol.com",
        "is_staff": false,
        "is_active": false,
        "date_joined": "2014-09-10T21:55:36Z",
        "groups": [],
        "user_permissions": []
    }
},
{
    "model": "auth.user",
    "pk": 40,
    "fields": {
        "password": "",
        "last_login": "2014-09-10T21:55:36Z",
        "is_superuser": false,
        "username": "mark.smith",
        "first_name": "Mark",
        "last_name": "Smith",
        "email": "",
        "is_staff": false,
        "is_active": false,
        "date_joined": "2014-09-10T21:55:36Z",
        "groups": [],
        "user_permissions": []
    }
},
{
    "model": "auth.user",
    "pk": 41,
    "fields": {
        "password": "",
        "last_login": "2014-09-10T21:55:36Z",
        "is_superuser": false,
        "username": "debbie.smith",
        "first_name": "Debbie",
        "last_name": "Smith",
        "email": "debsmith5@hotmail.com",
        "is_staff": false,
        "is_active": false,
        "date_joined": "2014-09-10T21:55:36Z",
        "groups": [],
        "user_permissions": []
    }
},
{
    "model": "auth.user",
    "pk": 42,
    "fields": {
        "password": "",
        "last_login": "2014-09-10T21:55:36Z",
        "is_superuser": false,
        "username": "jeff.trask",
        "first_name": "Jeff",
        "last_name": "Trask",
        "email": "jeff.trask@hp.com",
        "is_staff": false,
        "is_active": false,
        "date_joined": "2014-09-10T21:55:36Z",
        "groups": [],
        "user_permissions": []
    }
},
{
    "model": "auth.user",
    "pk": 43,
    "fields": {
        "password": "",
        "last_login": "2014-09-10T21:55:36Z",
        "is_superuser": false,
        "username": "sonja .trask",
        "first_name": "Sonja ",
        "last_name": "Trask",
        "email": "sonja.trask@hp.com,fannydog@earthlink.net",
        "is_staff": false,
        "is_active": false,
        "date_joined": "2014-09-10T21:55:36Z",
        "groups": [],
        "user_permissions": []
    }
},
{
    "model": "auth.user",
    "pk": 46,
    "fields": {
        "password": "",
        "last_login": "2014-09-10T21:55:36Z",
        "is_superuser": false,
        "username": "jonathan.bloomer",
        "first_name": "Jonathan",
        "last_name": "Bloomer",
        "email": "jtbloomer@cableone.net",
        "is_staff": false,
        "is_active": false,
        "date_joined": "2014-09-10T21:55:36Z",
        "groups": [],
        "user_permissions": []
    }
},
{
    "model": "auth.user",
    "pk": 49,
    "fields": {
        "password": "",
        "last_login": "2014-09-10T21:55:36Z",
        "is_superuser": false,
        "username": "greg.knudsen",
        "first_name": "Greg",
        "last_name": "Knudsen",
        "email": "greg@gmail.com",
        "is_staff": false,
        "is_active": false,
        "date_joined": "2014-09-10T21:55:36Z",
        "groups": [],
        "user_permissions": []
    }
},
{
    "model": "auth.user",
    "pk": 50,
    "fields": {
        "password": "",
        "last_login": "2014-09-10T21:55:36Z",
        "is_superuser": false,
        "username": "amy.hoffman",
        "first_name": "Amy",
        "last_name": "Hoffman",
        "email": "dahoidaho@aol.com",
        "is_staff": false,
        "is_active": false,
        "date_joined": "2014-09-10T21:55:36Z",
        "groups": [],
        "user_permissions": []
    }
},
{
    "model": "auth.user",
    "pk": 51,
    "fields": {
        "password": "",
        "last_login": "2014-09-10T21:55:36Z",
        "is_superuser": false,
        "username": "porter.smith",
        "first_name": "Porter",
        "last_name": "Smith",
        "email": "Porter@yahoo.com",
        "is_staff": false,
        "is_active": false,
        "date_joined": "2014-09-10T21:55:36Z",
        "groups": [],
        "user_permissions": []
    }
},
{
    "model": "auth.user",
    "pk": 52,
    "fields": {
        "password": "",
        "last_login": "2014-09-10T21:55:36Z",
        "is_superuser": false,
        "username": "jacque.white",
        "first_name": "Jacque",
        "last_name": "White",
        "email": "nobody@gmail.com",
        "is_staff": false,
        "is_active": false,
        "date_joined": "2014-09-10T21:55:36Z",
        "groups": [],
        "user_permissions": []
    }
},
{
    "model": "auth.user",
    "pk": 53,
    "fields": {
        "password": "",
        "last_login": "2014-09-10T21:55:36Z",
        "is_superuser": false,
        "username": "don.miller",
        "first_name": "Don",
        "last_name": "Miller",
        "email": "Don Miller <donmillerboise@yahoo.com>",
        "is_staff": false,
        "is_active": false,
        "date_joined": "2014-09-10T21:55:36Z",
        "groups": [],
        "user_permissions": []
    }
},
{
    "model": "auth.user",
    "pk": 54,
    "fields": {
        "password": "",
        "last_login": "2014-09-10T21:55:36Z",
        "is_superuser": false,
        "username": "kit.herndon",
        "first_name": "Kit",
        "last_name": "Herndon",
        "email": "",
        "is_staff": false,
        "is_active": false,
        "date_joined": "2014-09-10T21:55:36Z",
        "groups": [],
        "user_permissions": []
    }
},
{
    "model": "auth.user",
    "pk": 55,
    "fields": {
        "password": "",
        "last_login": "2014-09-10T21:55:36Z",
        "is_superuser": false,
        "username": "wendy.klein",
        "first_name": "Wendy",
        "last_name": "Klein",
        "email": "",
        "is_staff": false,
        "is_active": false,
        "date_joined": "2014-09-10T21:55:36Z",
        "groups": [],
        "user_permissions": []
    }
},
{
    "model": "auth.user",
    "pk": 56,
    "fields": {
        "password": "",
        "last_login": "2014-09-10T21:55:36Z",
        "is_superuser": false,
        "username": "linda.bloomer",
        "first_name": "Linda",
        "last_name": "Bloomer",
        "email": "lindabloomer@gmail.com",
        "is_staff": false,
        "is_active": false,
        "date_joined": "2014-09-10T21:55:36Z",
        "groups": [],
        "user_permissions": []
    }
},
{
    "model": "auth.user",
    "pk": 57,
    "fields": {
        "password": "",
        "last_login": "2014-09-10T21:55:36Z",
        "is_superuser": false,
        "username": "wes.carr",
        "first_name": "Wes",
        "last_name": "Carr",
        "email": "wes.carr@hp.com",
        "is_staff": false,
        "is_active": false,
        "date_joined": "2014-09-10T21:55:36Z",
        "groups": [],
        "user_permissions": []
    }
},
{
    "model": "auth.user",
    "pk": 58,
    "fields": {
        "password": "",
        "last_login": "2014-09-10T21:55:36Z",
        "is_superuser": false,
        "username": "kellie.sturdy",
        "first_name": "Kelly",
        "last_name": "Sturdy",
        "email": "kellysturdy@gmail.com",
        "is_staff": false,
        "is_active": false,
        "date_joined": "2014-09-10T21:55:36Z",
        "groups": [],
        "user_permissions": []
    }
},
{
    "model": "auth.user",
    "pk": 59,
    "fields": {
        "password": "pbkdf2_sha256$12000$Q5rYnqGlUdbh$xJdeU0TsfO+4Nhau9amqAsIrXVxnl/sD71aKcsUPD+k=",
        "last_login": "2014-09-12T23:15:40Z",
        "is_superuser": false,
        "username": "gail.stauffer",
        "first_name": "Gail",
        "last_name": "Stauffer",
        "email": "stauffers4@cableone.net",
        "is_staff": false,
        "is_active": true,
        "date_joined": "2014-09-12T23:15:40Z",
        "groups": [],
        "user_permissions": []
    }
},
{
    "model": "auth.user",
    "pk": 60,
    "fields": {
        "password": "pbkdf2_sha256$12000$swpwxEDFDdz2$x51HHOEqYLLJyUyoYDbt+LPeh+gJjen4ZlteFU28DFk=",
        "last_login": "2014-09-12T23:16:35Z",
        "is_superuser": false,
        "username": "randy.stauffer",
        "first_name": "Randy",
        "last_name": "Stauffer",
        "email": "",
        "is_staff": false,
        "is_active": true,
        "date_joined": "2014-09-12T23:16:35Z",
        "groups": [],
        "user_permissions": []
    }
},
{
    "model": "auth.user",
    "pk": 61,
    "fields": {
        "password": "pbkdf2_sha256$12000$vzyA8S82gv2z$nht4oGxB8KX06URBeXSuklisY1DSd/G2fI4d8+FbAjo=",
        "last_login": "2014-09-12T23:18:02Z",
        "is_superuser": false,
        "username": "holly.kotoski",
        "first_name": "Holly",
        "last_name": "Kotoski",
        "email": "hmk3000@q.com",
        "is_staff": false,
        "is_active": true,
        "date_joined": "2014-09-12T23:18:02Z",
        "groups": [],
        "user_permissions": []
    }
},
{
    "model": "auth.user",
    "pk": 62,
    "fields": {
        "password": "pbkdf2_sha256$12000$3T7Gf2lVcKGz$2MuJTgqPqx0aJaWyCNhoJITFXwIqJlXYNNUw4CZA8zQ=",
        "last_login": "2014-09-12T23:18:53Z",
        "is_superuser": false,
        "username": "ralph.kotoski",
        "first_name": "Ralph",
        "last_name": "Kotoski",
        "email": "",
        "is_staff": false,
        "is_active": true,
        "date_joined": "2014-09-12T23:18:53Z",
        "groups": [],
        "user_permissions": []
    }
},
{
    "model": "auth.user",
    "pk": 63,
    "fields": {
        "password": "pbkdf2_sha256$12000$YiQtn60raQhm$emQ68ctuK6QKyMvKaH8Q0hFX9vQluI1U7LoobuiKiIc=",
        "last_login": "2014-09-12T23:19:51Z",
        "is_superuser": false,
        "username": "bob.burtch",
        "first_name": "Bob",
        "last_name": "Burtch",
        "email": "burtch.bob@gmail.com",
        "is_staff": false,
        "is_active": true,
        "date_joined": "2014-09-12T23:19:51Z",
        "groups": [],
        "user_permissions": []
    }
},
{
    "model": "auth.user",
    "pk": 64,
    "fields": {
        "password": "pbkdf2_sha256$12000$Plnut9WhE2IK$4r2cKi2ZMB1W4j52rflUZCE7REjgPjWnfzybpFU3Qws=",
        "last_login": "2014-09-12T23:20:46Z",
        "is_superuser": false,
        "username": "gail.walker.burtch",
        "first_name": "Gail",
        "last_name": "Walker-Burtch",
        "email": "gailwalker10@aol.com",
        "is_staff": false,
        "is_active": true,
        "date_joined": "2014-09-12T23:20:46Z",
        "groups": [],
        "user_permissions": []
    }
},
{
    "model": "auth.user",
    "pk": 65,
    "fields": {
        "password": "!ewaYkUVSqvbsNynys6dDC3Zf8cR1zJxjyhQeuT8e",
        "last_login": "2014-10-17T18:51:31Z",
        "is_superuser": false,
        "username": "derek.duval",
        "first_name": "Derek",
        "last_name": "Duval",
        "email": "",
        "is_staff": false,
        "is_active": true,
        "date_joined": "2014-10-17T18:51:31Z",
        "groups": [],
        "user_permissions": []
    }
},
{
    "model": "auth.user",
    "pk": 66,
    "fields": {
        "password": "!FoccrWmTPeWS1Op0h9aEwgvgObn8stIPA391y66q",
        "last_login": "2014-10-17T18:51:57Z",
        "is_superuser": false,
        "username": "patty.watkins",
        "first_name": "Patti",
        "last_name": "Watkins",
        "email": "",
        "is_staff": false,
        "is_active": true,
        "date_joined": "2014-10-17T18:51:57Z",
        "groups": [],
        "user_permissions": []
    }
},
{
    "model": "auth.user",
    "pk": 68,
    "fields": {
        "password": "pbkdf2_sha256$12000$WJ68ZQMDMxEw$NknsyQohTb09sDaPVWehLTE21X7WUSTSfYvOt7vmN0A=",
        "last_login": "2014-11-24T21:39:24Z",
        "is_superuser": false,
        "username": "marilyn.parker.m",
        "first_name": "Marilyn",
        "last_name": "Parker",
        "email": "",
        "is_staff": false,
        "is_active": true,
        "date_joined": "2014-11-24T21:39:24Z",
        "groups": [],
        "user_permissions": []
    }
},
{
    "model": "auth.user",
    "pk": 69,
    "fields": {
        "password": "",
        "last_login": "2015-01-05T03:44:51Z",
        "is_superuser": false,
        "username": "tina.measham",
        "first_name": "Tina",
        "last_name": "Measham",
        "email": "tmeasham.awd@gmail.com",
        "is_staff": false,
        "is_active": false,
        "date_joined": "2015-01-05T03:44:51Z",
        "groups": [],
        "user_permissions": []
    }
},
{
    "model": "auth.user",
    "pk": 70,
    "fields": {
        "password": "",
        "last_login": "2015-01-05T03:47:53Z",
        "is_superuser": false,
        "username": "fazal.shariff",
        "first_name": "Fazal",
        "last_name": "Shariff",
        "email": "fazalshariff@yahoo.com",
        "is_staff": false,
        "is_active": false,
        "date_joined": "2015-01-05T03:47:53Z",
        "groups": [],
        "user_permissions": []
    }
},
{
    "model": "auth.user",
    "pk": 71,
    "fields": {
        "password": "",
        "last_login": "2015-01-05T03:49:27Z",
        "is_superuser": false,
        "username": "rosa.carnot",
        "first_name": "Rosa",
        "last_name": "Carnot",
        "email": "randrcarnot@aol.com",
        "is_staff": false,
        "is_active": false,
        "date_joined": "2015-01-05T03:49:27Z",
        "groups": [],
        "user_permissions": []
    }
},
{
    "model": "auth.user",
    "pk": 72,
    "fields": {
        "password": "",
        "last_login": "2015-01-05T03:51:02Z",
        "is_superuser": false,
        "username": "paul.brooks",
        "first_name": "Paul",
        "last_name": "Brooks",
        "email": "polywog1511@outlook.com",
        "is_staff": false,
        "is_active": false,
        "date_joined": "2015-01-05T03:51:02Z",
        "groups": [],
        "user_permissions": []
    }
},
{
    "model": "auth.user",
    "pk": 73,
    "fields": {
        "password": "",
        "last_login": "2015-01-05T03:52:15Z",
        "is_superuser": false,
        "username": "kellee.jones",
        "first_name": "Kellee",
        "last_name": "Jones",
        "email": "kelleejones@hotmail.com",
        "is_staff": false,
        "is_active": false,
        "date_joined": "2015-01-05T03:52:15Z",
        "groups": [],
        "user_permissions": []
    }
},
{
    "model": "auth.user",
    "pk": 74,
    "fields": {
        "password": "",
        "last_login": "2015-01-05T03:53:49Z",
        "is_superuser": false,
        "username": "alan.lockhart",
        "first_name": "Allen",
        "last_name": "Lockhart",
        "email": "amlockhart@cableone.net",
        "is_staff": false,
        "is_active": false,
        "date_joined": "2015-01-05T03:53:49Z",
        "groups": [],
        "user_permissions": []
    }
},
{
    "model": "auth.user",
    "pk": 75,
    "fields": {
        "password": "",
        "last_login": "2015-01-05T03:54:40Z",
        "is_superuser": false,
        "username": "mary .schofield",
        "first_name": "Mary ",
        "last_name": "Schofield",
        "email": "amlockhart@cableone.net",
        "is_staff": false,
        "is_active": false,
        "date_joined": "2015-01-05T03:54:40Z",
        "groups": [],
        "user_permissions": []
    }
},
{
    "model": "auth.user",
    "pk": 76,
    "fields": {
        "password": "!Ps5K0KiJXOmWIVeMEkFYKvkrlD4eJ7Ae8Ynmkg8p",
        "last_login": "2015-03-20T23:57:25Z",
        "is_superuser": false,
        "username": "dianne.bearss",
        "first_name": "Dianne",
        "last_name": "Bearss",
        "email": "",
        "is_staff": false,
        "is_active": true,
        "date_joined": "2015-03-20T23:57:25Z",
        "groups": [],
        "user_permissions": []
    }
},
{
    "model": "auth.user",
    "pk": 77,
    "fields": {
        "password": "pbkdf2_sha256$15000$dv8IqOKN3Xxf$l8x15EGx/V13mDz66ji0wpsrlpB9hmEi3TpYW0m9W6U=",
        "last_login": "2015-07-20T16:29:50Z",
        "is_superuser": false,
        "username": "marx",
        "first_name": "Marvin",
        "last_name": "Argeusnoc",
        "email": "marvinargeusnoc@gmail.com",
        "is_staff": false,
        "is_active": true,
        "date_joined": "2015-07-20T16:28:12Z",
        "groups": [],
        "user_permissions": []
    }
},
{
    "model": "auth.user",
    "pk": 78,
    "fields": {
        "password": "!HgApiHMY3JGcWMtFudIfzNPl6VSaw1xI9uxMml9N",
        "last_login": null,
        "is_superuser": false,
        "username": "willie.lafrades",
        "first_name": "Willie",
        "last_name": "Lafrades",
        "email": "",
        "is_staff": false,
        "is_active": true,
        "date_joined": "2015-12-30T22:33:23Z",
        "groups": [],
        "user_permissions": []
    }
},
{
    "model": "auth.user",
    "pk": 79,
    "fields": {
        "password": "!9DqGFB2lFnxaoSwQoUhFKEsglvAyuV2Jy5dRfdDL",
        "last_login": null,
        "is_superuser": false,
        "username": "duane.brash",
        "first_name": "Duane",
        "last_name": "Brash",
        "email": "",
        "is_staff": false,
        "is_active": true,
        "date_joined": "2015-12-30T22:34:10Z",
        "groups": [],
        "user_permissions": []
    }
},
{
    "model": "auth.user",
    "pk": 80,
    "fields": {
        "password": "!ZjZhNnQcoud8rSmmi9WMwqHWBnrGaWhiedenqWFR",
        "last_login": null,
        "is_superuser": false,
        "username": "lisa.snelling",
        "first_name": "",
        "last_name": "",
        "email": "",
        "is_staff": false,
        "is_active": true,
        "date_joined": "2015-12-30T22:34:11Z",
        "groups": [],
        "user_permissions": []
    }
},
{
    "model": "auth.user",
    "pk": 81,
    "fields": {
        "password": "!sdAQNP7Oh32uilUd15TfYdEpXP88BK0Y05LWK3N5",
        "last_login": null,
        "is_superuser": false,
        "username": "julie.harris",
        "first_name": "",
        "last_name": "",
        "email": "",
        "is_staff": false,
        "is_active": true,
        "date_joined": "2015-12-30T22:34:12Z",
        "groups": [],
        "user_permissions": []
    }
},
{
    "model": "auth.user",
    "pk": 82,
    "fields": {
        "password": "!gRexnmaRbua3VQBHOrEl30LtMBwTO42i3C4Oirky",
        "last_login": null,
        "is_superuser": false,
        "username": "buck.harris",
        "first_name": "Buck",
        "last_name": "Harris",
        "email": "",
        "is_staff": false,
        "is_active": true,
        "date_joined": "2015-12-30T22:34:12Z",
        "groups": [],
        "user_permissions": []
    }
},
{
    "model": "auth.user",
    "pk": 83,
    "fields": {
        "password": "!XkjgPHfSY1smwa6C3AVQ4SsyuygViTiLAMOuMLjk",
        "last_login": null,
        "is_superuser": false,
        "username": "dawn.lafrades",
        "first_name": "Dawn",
        "last_name": "Lafrades",
        "email": "",
        "is_staff": false,
        "is_active": true,
        "date_joined": "2015-12-30T22:34:13Z",
        "groups": [],
        "user_permissions": []
    }
},
{
    "model": "auth.user",
    "pk": 85,
    "fields": {
        "password": "",
        "last_login": "2016-01-22T22:09:34Z",
        "is_superuser": false,
        "username": "grant.upchurch",
        "first_name": "Grant",
        "last_name": "Upchurch",
        "email": "gupchurch@cableone.net",
        "is_staff": false,
        "is_active": false,
        "date_joined": "2016-01-22T22:09:34Z",
        "groups": [],
        "user_permissions": []
    }
},
{
    "model": "auth.user",
    "pk": 86,
    "fields": {
        "password": "",
        "last_login": "2016-02-06T00:40:20Z",
        "is_superuser": false,
        "username": "lynn.coltrin",
        "first_name": "Lynn",
        "last_name": "Coltrin",
        "email": "l46coltrin@gmail.com",
        "is_staff": false,
        "is_active": false,
        "date_joined": "2016-02-06T00:40:20Z",
        "groups": [],
        "user_permissions": []
    }
},
{
    "model": "auth.user",
    "pk": 90,
    "fields": {
        "password": "",
        "last_login": "2016-03-04T22:31:28Z",
        "is_superuser": false,
        "username": "donalee.quinn",
        "first_name": "Donalee",
        "last_name": "Quinn",
        "email": "donaleequinn@yahoo.com",
        "is_staff": false,
        "is_active": false,
        "date_joined": "2016-03-04T22:31:28Z",
        "groups": [],
        "user_permissions": []
    }
},
{
    "model": "auth.user",
    "pk": 91,
    "fields": {
        "password": "",
        "last_login": "2016-03-18T23:32:31Z",
        "is_superuser": false,
        "username": "louise.brash",
        "first_name": "Louise",
        "last_name": "Brash",
        "email": "louisebinid@att.net",
        "is_staff": false,
        "is_active": false,
        "date_joined": "2016-03-18T23:32:31Z",
        "groups": [],
        "user_permissions": []
    }
},
{
    "model": "auth.user",
    "pk": 92,
    "fields": {
        "password": "!wTgv0Eu7ZgAewpJBNkMC24iiD2VQ21ofgkIr9JqQ",
        "last_login": null,
        "is_superuser": false,
        "username": "lynn.chase",
        "first_name": "Lynn",
        "last_name": "Chase",
        "email": "",
        "is_staff": false,
        "is_active": true,
        "date_joined": "2016-03-25T03:01:51Z",
        "groups": [],
        "user_permissions": []
    }
},
{
    "model": "auth.user",
    "pk": 93,
    "fields": {
        "password": "",
        "last_login": "2016-09-11T21:15:47Z",
        "is_superuser": false,
        "username": "jay.vavrek",
        "first_name": "Jay",
        "last_name": "Vavrek",
        "email": "",
        "is_staff": false,
        "is_active": false,
        "date_joined": "2016-09-11T21:15:47Z",
        "groups": [],
        "user_permissions": []
    }
},
{
    "model": "auth.user",
    "pk": 94,
    "fields": {
        "password": "",
        "last_login": "2016-09-11T21:16:00Z",
        "is_superuser": false,
        "username": "tara.wolf",
        "first_name": "Tara",
        "last_name": "Wolf",
        "email": "",
        "is_staff": false,
        "is_active": false,
        "date_joined": "2016-09-11T21:16:00Z",
        "groups": [],
        "user_permissions": []
    }
},
{
    "model": "auth.user",
    "pk": 95,
    "fields": {
        "password": "!DlfUD94xroxsj1KbOC35gTUypgkhKYfTd0av39X2",
        "last_login": null,
        "is_superuser": false,
        "username": "terry.pape",
        "first_name": "Terry",
        "last_name": "Pape",
        "email": "",
        "is_staff": false,
        "is_active": true,
        "date_joined": "2016-09-28T23:09:54Z",
        "groups": [],
        "user_permissions": []
    }
},
{
    "model": "auth.user",
    "pk": 96,
    "fields": {
        "password": "",
        "last_login": "2016-11-18T21:08:18Z",
        "is_superuser": false,
        "username": "dave.umberger",
        "first_name": "Dave",
        "last_name": "Umberger",
        "email": "dkumberger@gmail.com",
        "is_staff": false,
        "is_active": false,
        "date_joined": "2016-11-18T21:08:18Z",
        "groups": [],
        "user_permissions": []
    }
},
{
    "model": "auth.user",
    "pk": 98,
    "fields": {
        "password": "!wjRvlotT1WjLadYewJZwYYXie6Wq1EGNZdeGENWA",
        "last_login": null,
        "is_superuser": false,
        "username": "tim.trued",
        "first_name": "Tim",
        "last_name": "Trued",
        "email": "tim.trued@gmail.com",
        "is_staff": false,
        "is_active": true,
        "date_joined": "2016-12-21T02:51:46Z",
        "groups": [],
        "user_permissions": []
    }
},
{
    "model": "auth.user",
    "pk": 99,
    "fields": {
        "password": "!WBuOMPaWJGkhIFtH15GdqML8sDukqBtqIobiPs5F",
        "last_login": null,
        "is_superuser": false,
        "username": "andi.hoyt",
        "first_name": "Andi",
        "last_name": "Hoyt",
        "email": "andreahoyt@gmail.com",
        "is_staff": false,
        "is_active": true,
        "date_joined": "2016-12-21T02:52:32Z",
        "groups": [],
        "user_permissions": []
    }
},
{
    "model": "auth.user",
    "pk": 100,
    "fields": {
        "password": "pbkdf2_sha256$24000$dXu2WwwErO9s$WKqMZUVuVAxzd7G4gxfRLIQ68UhtYAtP+97N8kKw4q4=",
        "last_login": "2017-12-28T13:19:49Z",
        "is_superuser": false,
        "username": "jan.treadway",
        "first_name": "Jan",
        "last_name": "Treadway",
        "email": "jan.treadway@gmail.com",
        "is_staff": false,
        "is_active": true,
        "date_joined": "2016-12-21T03:00:31Z",
        "groups": [],
        "user_permissions": []
    }
},
{
    "model": "auth.user",
    "pk": 101,
    "fields": {
        "password": "!duaCVIDyYAAk0DqZPss4tEoQLdUjoNndaOxIEcVn",
        "last_login": null,
        "is_superuser": false,
        "username": "jayme.sullivan",
        "first_name": "Jayme",
        "last_name": "Sullivan",
        "email": "jaymebsullivan@hotmail.com",
        "is_staff": false,
        "is_active": true,
        "date_joined": "2016-12-21T03:04:08Z",
        "groups": [],
        "user_permissions": []
    }
},
{
    "model": "auth.user",
    "pk": 102,
    "fields": {
        "password": "!UcowEWwg0SEuQx8F8pPz6ltEbREg4HI5FfBjJ7jB",
        "last_login": null,
        "is_superuser": false,
        "username": "jeff.wood",
        "first_name": "Jeff",
        "last_name": "Wood",
        "email": "jeffwood@fastcomps.com",
        "is_staff": false,
        "is_active": true,
        "date_joined": "2016-12-21T03:18:44Z",
        "groups": [],
        "user_permissions": []
    }
},
{
    "model": "auth.user",
    "pk": 103,
    "fields": {
        "password": "",
        "last_login": "2017-03-29T02:41:35Z",
        "is_superuser": false,
        "username": "jo ann.kurz",
        "first_name": "Jo Ann",
        "last_name": "Kurz",
        "email": "JOANNKURZ@msn.com",
        "is_staff": false,
        "is_active": false,
        "date_joined": "2017-03-29T02:41:35Z",
        "groups": [],
        "user_permissions": []
    }
},
{
    "model": "auth.user",
    "pk": 104,
    "fields": {
        "password": "",
        "last_login": "2017-03-30T21:50:23Z",
        "is_superuser": false,
        "username": "jan.jeltema",
        "first_name": "Jan",
        "last_name": "Jeltema",
        "email": "jan@nospam.com",
        "is_staff": false,
        "is_active": false,
        "date_joined": "2017-03-30T21:50:23Z",
        "groups": [],
        "user_permissions": []
    }
},
{
    "model": "auth.user",
    "pk": 105,
    "fields": {
        "password": "",
        "last_login": "2017-03-30T21:56:15Z",
        "is_superuser": false,
        "username": "jason.hunsperger",
        "first_name": "Jason",
        "last_name": "Hunsperger",
        "email": "hunsperger.jason@gmail.com",
        "is_staff": false,
        "is_active": false,
        "date_joined": "2017-03-30T21:56:15Z",
        "groups": [],
        "user_permissions": []
    }
},
{
    "model": "auth.user",
    "pk": 106,
    "fields": {
        "password": "",
        "last_login": "2017-03-31T03:46:03Z",
        "is_superuser": false,
        "username": "robert.sterk",
        "first_name": "Robert",
        "last_name": "Sterk",
        "email": "",
        "is_staff": false,
        "is_active": false,
        "date_joined": "2017-03-31T03:46:03Z",
        "groups": [],
        "user_permissions": []
    }
},
{
    "model": "auth.user",
    "pk": 107,
    "fields": {
        "password": "",
        "last_login": "2017-09-04T00:02:29Z",
        "is_superuser": false,
        "username": "curtis.egge",
        "first_name": "Curtis",
        "last_name": "Egge",
        "email": "",
        "is_staff": false,
        "is_active": false,
        "date_joined": "2017-09-04T00:02:29Z",
        "groups": [],
        "user_permissions": []
    }
},
{
    "model": "auth.user",
    "pk": 108,
    "fields": {
        "password": "",
        "last_login": "2017-09-04T00:04:25Z",
        "is_superuser": false,
        "username": "jan.ehrhart",
        "first_name": "Jan",
        "last_name": "Ehrhart",
        "email": "",
        "is_staff": false,
        "is_active": false,
        "date_joined": "2017-09-04T00:04:25Z",
        "groups": [],
        "user_permissions": []
    }
},
{
    "model": "auth.user",
    "pk": 109,
    "fields": {
        "password": "",
        "last_login": "2017-09-04T00:05:15Z",
        "is_superuser": false,
        "username": "leann.gilberg",
        "first_name": "Leann",
        "last_name": "Gilberg",
        "email": "",
        "is_staff": false,
        "is_active": false,
        "date_joined": "2017-09-04T00:05:15Z",
        "groups": [],
        "user_permissions": []
    }
},
{
    "model": "auth.user",
    "pk": 110,
    "fields": {
        "password": "",
        "last_login": "2017-09-04T00:05:49Z",
        "is_superuser": false,
        "username": "lindy.mcdonald",
        "first_name": "Lindy",
        "last_name": "McDonald",
        "email": "",
        "is_staff": false,
        "is_active": false,
        "date_joined": "2017-09-04T00:05:49Z",
        "groups": [],
        "user_permissions": []
    }
},
{
    "model": "auth.user",
    "pk": 111,
    "fields": {
        "password": "",
        "last_login": "2017-09-04T00:06:15Z",
        "is_superuser": false,
        "username": "lance.martin",
        "first_name": "Lance",
        "last_name": "Martin",
        "email": "",
        "is_staff": false,
        "is_active": false,
        "date_joined": "2017-09-04T00:06:15Z",
        "groups": [],
        "user_permissions": []
    }
},
{
    "model": "auth.user",
    "pk": 112,
    "fields": {
        "password": "",
        "last_login": "2017-09-04T00:06:43Z",
        "is_superuser": false,
        "username": "julie.meikle",
        "first_name": "Julie",
        "last_name": "Meikle",
        "email": "",
        "is_staff": false,
        "is_active": false,
        "date_joined": "2017-09-04T00:06:43Z",
        "groups": [],
        "user_permissions": []
    }
},
{
    "model": "auth.user",
    "pk": 113,
    "fields": {
        "password": "",
        "last_login": "2017-09-04T00:08:58Z",
        "is_superuser": false,
        "username": "jaxson.montague",
        "first_name": "Jaxon",
        "last_name": "Montague",
        "email": "",
        "is_staff": false,
        "is_active": false,
        "date_joined": "2017-09-04T00:08:58Z",
        "groups": [],
        "user_permissions": []
    }
},
{
    "model": "auth.user",
    "pk": 114,
    "fields": {
        "password": "",
        "last_login": "2017-09-04T00:10:55Z",
        "is_superuser": false,
        "username": "john.worsley",
        "first_name": "John",
        "last_name": "Worsley",
        "email": "",
        "is_staff": false,
        "is_active": false,
        "date_joined": "2017-09-04T00:10:55Z",
        "groups": [],
        "user_permissions": []
    }
},
{
    "model": "auth.user",
    "pk": 115,
    "fields": {
        "password": "",
        "last_login": "2017-09-05T03:17:31Z",
        "is_superuser": false,
        "username": "daniel.henderson",
        "first_name": "Daniel",
        "last_name": "Henderson",
        "email": "tindrum@mac.com",
        "is_staff": false,
        "is_active": false,
        "date_joined": "2017-09-05T03:17:31Z",
        "groups": [],
        "user_permissions": []
    }
},
{
    "model": "auth.user",
    "pk": 118,
    "fields": {
        "password": "",
        "last_login": "2017-10-09T02:46:37Z",
        "is_superuser": false,
        "username": "dan.holmes",
        "first_name": "Dan",
        "last_name": "Holmes",
        "email": "",
        "is_staff": false,
        "is_active": false,
        "date_joined": "2017-10-09T02:46:37Z",
        "groups": [],
        "user_permissions": []
    }
},
{
    "model": "auth.user",
    "pk": 119,
    "fields": {
        "password": "",
        "last_login": "2017-10-09T02:54:43Z",
        "is_superuser": false,
        "username": "joanne.woodword",
        "first_name": "Joanne",
        "last_name": "Woodword",
        "email": "",
        "is_staff": false,
        "is_active": false,
        "date_joined": "2017-10-09T02:54:43Z",
        "groups": [],
        "user_permissions": []
    }
},
{
    "model": "auth.user",
    "pk": 120,
    "fields": {
        "password": "!HY05yOkLeBtmjqFgmw8Nw6iJ0nTMfKxlSuTELqEc",
        "last_login": null,
        "is_superuser": false,
        "username": "ed.henderson",
        "first_name": "",
        "last_name": "",
        "email": "ed@tennisblock.com",
        "is_staff": false,
        "is_active": true,
        "date_joined": "2017-12-21T02:21:46Z",
        "groups": [],
        "user_permissions": []
    }
},
{
    "model": "auth.user",
    "pk": 121,
    "fields": {
        "password": "",
        "last_login": "2018-01-12T06:45:24Z",
        "is_superuser": false,
        "username": "lisa.andrews",
        "first_name": "Lisa",
        "last_name": "Andrews",
        "email": "",
        "is_staff": false,
        "is_active": false,
        "date_joined": "2018-01-12T06:45:24Z",
        "groups": [],
        "user_permissions": []
    }
},
{
    "model": "auth.user",
    "pk": 122,
    "fields": {
        "password": "",
        "last_login": "2018-01-16T00:34:32Z",
        "is_superuser": false,
        "username": "ray.cochrane",
        "first_name": "Ray",
        "last_name": "Cochrane",
        "email": "raycochrane@cableone.net",
        "is_staff": false,
        "is_active": false,
        "date_joined": "2018-01-16T00:34:32Z",
        "groups": [],
        "user_permissions": []
    }
},
{
    "model": "auth.user",
    "pk": 123,
    "fields": {
        "password": "",
        "last_login": "2018-01-25T14:28:17Z",
        "is_superuser": false,
        "username": "susan.schossberger",
        "first_name": "Susan",
        "last_name": "Schossberger",
        "email": "sschossy@gmail.com",
        "is_staff": false,
        "is_active": false,
        "date_joined": "2018-01-25T14:28:17Z",
        "groups": [],
        "user_permissions": []
    }
},
{
    "model": "auth.user",
    "pk": 124,
    "fields": {
        "password": "",
        "last_login": "2018-01-25T18:37:00Z",
        "is_superuser": false,
        "username": "vicki.mcbride",
        "first_name": "Vicki",
        "last_name": "McBride",
        "email": "thecookiejarboise@gmail.com",
        "is_staff": false,
        "is_active": false,
        "date_joined": "2018-01-25T18:37:00Z",
        "groups": [],
        "user_permissions": []
    }
},
{
    "model": "auth.user",
    "pk": 125,
    "fields": {
        "password": "",
        "last_login": "2018-03-27T15:17:09Z",
        "is_superuser": false,
        "username": "dan.oliver",
        "first_name": "Dan",
        "last_name": "Oliver",
        "email": "",
        "is_staff": false,
        "is_active": false,
        "date_joined": "2018-03-27T15:17:09Z",
        "groups": [],
        "user_permissions": []
    }
},
{
    "model": "blockdb.player",
    "pk": 1,
    "fields": {
        "user": 1,
        "first": "Ed",
        "last": "Henderson",
        "gender": "M",
        "ntrp": 3.5,
        "microntrp": 3.9,
        "phone": "(208) 861-5756",
        "email": "ed@tennisblock.com"
    }
},
{
    "model": "blockdb.player",
    "pk": 2,
    "fields": {
        "user": 2,
        "first": "Vicki",
        "last": "Henderson",
        "gender": "F",
        "ntrp": 3.5,
        "microntrp": 3.95,
        "phone": "(208) 861-5816",
        "email": "viquee@cableone.net"
    }
},
{
    "model": "blockdb.player",
    "pk": 3,
    "fields": {
        "user": 26,
        "first": "Dave",
        "last": "Bettis",
        "gender": "M",
        "ntrp": 3.5,
        "microntrp": 3.3,
        "phone": "",
        "email": "davebettis@cableone.net"
    }
},
{
    "model": "blockdb.player",
    "pk": 4,
    "fields": {
        "user": 27,
        "first": "Lisa",
        "last": "Bettis",
        "gender": "F",
        "ntrp": 3.5,
        "microntrp": 3.6,
        "phone": "(208) 344-4142",
        "email": "lisabettis416@gmail.com"
    }
},
{
    "model": "blockdb.player",
    "pk": 5,
    "fields": {
        "user": 28,
        "first": "Richard",
        "last": "Braithwaite",
        "gender": "M",
        "ntrp": 3.5,
        "microntrp": 3.95,
        "phone": "",
        "email": "rbrat56@hotmail.com"
    }
},
{
    "model": "blockdb.player",
    "pk": 6,
    "fields": {
        "user": 29,
        "first": "Rita",
        "last": "Braithwaite",
        "gender": "F",
        "ntrp": 3.5,
        "microntrp": 4.0,
        "phone": "",
        "email": "ritabrat64@hotmail.com"
    }
},
{
    "model": "blockdb.player",
    "pk": 7,
    "fields": {
        "user": 30,
        "first": "Jenny",
        "last": "Grunke",
        "gender": "F",
        "ntrp": 4.0,
        "microntrp": 4.2,
        "phone": "(208) 672-9254",
        "email": "jcrlaw2000@yahoo.com"
    }
},
{
    "model": "blockdb.player",
    "pk": 8,
    "fields": {
        "user": 31,
        "first": "James",
        "last": "Grunke",
        "gender": "M",
        "ntrp": 4.0,
        "microntrp": 4.0,
        "phone": "",
        "email": "jwgrunke@hotmail.com"
    }
},
{
    "model": "blockdb.player",
    "pk": 9,
    "fields": {
        "user": 32,
        "first": "Marilyn",
        "last": "Parker",
        "gender": "F",
        "ntrp": 4.0,
        "microntrp": 4.2,
        "phone": "",
        "email": "mkparker@spro.net"
    }
},
{
    "model": "blockdb.player",
    "pk": 10,
    "fields": {
        "user": 33,
        "first": "Rod",
        "last": "Kimerling",
        "gender": "M",
        "ntrp": 4.0,
        "microntrp": 4.2,
        "phone": "",
        "email": "rodnkime@yahoo.com"
    }
},
{
    "model": "blockdb.player",
    "pk": 11,
    "fields": {
        "user": 34,
        "first": "Jake",
        "last": "Putnam",
        "gender": "M",
        "ntrp": 4.0,
        "microntrp": 4.3,
        "phone": "",
        "email": "mjakeputnam@att.net"
    }
},
{
    "model": "blockdb.player",
    "pk": 12,
    "fields": {
        "user": 35,
        "first": "Lori",
        "last": "McGraw",
        "gender": "F",
        "ntrp": 3.0,
        "microntrp": 3.4,
        "phone": "",
        "email": "llrfamily3@gmail.com"
    }
},
{
    "model": "blockdb.player",
    "pk": 13,
    "fields": {
        "user": 36,
        "first": "Gordon",
        "last": "Haller",
        "gender": "M",
        "ntrp": 3.5,
        "microntrp": 3.6,
        "phone": "",
        "email": "ghaller@micron.com"
    }
},
{
    "model": "blockdb.player",
    "pk": 14,
    "fields": {
        "user": 37,
        "first": "Julianne",
        "last": "Haller",
        "gender": "F",
        "ntrp": 4.0,
        "microntrp": 4.1,
        "phone": "",
        "email": "jmhaller@cableone.net"
    }
},
{
    "model": "blockdb.player",
    "pk": 15,
    "fields": {
        "user": 38,
        "first": "John",
        "last": "Pearce",
        "gender": "M",
        "ntrp": 4.5,
        "microntrp": 4.2,
        "phone": "208 855-2369",
        "email": "drjpearce@aol.com"
    }
},
{
    "model": "blockdb.player",
    "pk": 16,
    "fields": {
        "user": 39,
        "first": "Corie",
        "last": "Pearce",
        "gender": "F",
        "ntrp": 4.0,
        "microntrp": 4.1,
        "phone": "208 855-2369",
        "email": "pearceelc@aol.com"
    }
},
{
    "model": "blockdb.player",
    "pk": 17,
    "fields": {
        "user": 40,
        "first": "Mark",
        "last": "Smith",
        "gender": "M",
        "ntrp": 4.5,
        "microntrp": 4.2,
        "phone": "",
        "email": ""
    }
},
{
    "model": "blockdb.player",
    "pk": 18,
    "fields": {
        "user": 41,
        "first": "Debbie",
        "last": "Smith",
        "gender": "F",
        "ntrp": 3.0,
        "microntrp": 3.2,
        "phone": "",
        "email": "debsmith5@hotmail.com"
    }
},
{
    "model": "blockdb.player",
    "pk": 19,
    "fields": {
        "user": 42,
        "first": "Jeff",
        "last": "Trask",
        "gender": "M",
        "ntrp": 4.5,
        "microntrp": 4.3,
        "phone": "",
        "email": "jeff.trask@hp.com"
    }
},
{
    "model": "blockdb.player",
    "pk": 20,
    "fields": {
        "user": 43,
        "first": "Sonja ",
        "last": "Trask",
        "gender": "F",
        "ntrp": 3.5,
        "microntrp": 3.8,
        "phone": "",
        "email": "sonja.trask@hp.com,fannydog@earthlink.net"
    }
},
{
    "model": "blockdb.player",
    "pk": 23,
    "fields": {
        "user": 46,
        "first": "Jonathan",
        "last": "Bloomer",
        "gender": "M",
        "ntrp": 4.0,
        "microntrp": 4.1,
        "phone": "",
        "email": "jtbloomer@cableone.net"
    }
},
{
    "model": "blockdb.player",
    "pk": 32,
    "fields": {
        "user": 49,
        "first": "Greg",
        "last": "Knudsen",
        "gender": "M",
        "ntrp": 4.0,
        "microntrp": 4.3,
        "phone": "(208) 857-3809",
        "email": "greg@gmail.com"
    }
},
{
    "model": "blockdb.player",
    "pk": 33,
    "fields": {
        "user": 50,
        "first": "Amy",
        "last": "Hoffman",
        "gender": "F",
        "ntrp": 4.0,
        "microntrp": 4.2,
        "phone": "(208) 870-7576",
        "email": "dahoidaho@aol.com"
    }
},
{
    "model": "blockdb.player",
    "pk": 34,
    "fields": {
        "user": 51,
        "first": "Porter",
        "last": "Smith",
        "gender": "M",
        "ntrp": 3.0,
        "microntrp": 3.0,
        "phone": "",
        "email": "Porter@yahoo.com"
    }
},
{
    "model": "blockdb.player",
    "pk": 35,
    "fields": {
        "user": 52,
        "first": "Jacque",
        "last": "White",
        "gender": "F",
        "ntrp": 3.5,
        "microntrp": 3.9,
        "phone": "",
        "email": "nobody@gmail.com"
    }
},
{
    "model": "blockdb.player",
    "pk": 36,
    "fields": {
        "user": 53,
        "first": "Don",
        "last": "Miller",
        "gender": "M",
        "ntrp": 3.5,
        "microntrp": 3.5,
        "phone": "",
        "email": "Don Miller <donmillerboise@yahoo.com>"
    }
},
{
    "model": "blockdb.player",
    "pk": 37,
    "fields": {
        "user": 54,
        "first": "Kit",
        "last": "Herndon",
        "gender": "F",
        "ntrp": 3.5,
        "microntrp": 3.5,
        "phone": "",
        "email": ""
    }
},
{
    "model": "blockdb.player",
    "pk": 38,
    "fields": {
        "user": 55,
        "first": "Wendy",
        "last": "Klein",
        "gender": "F",
        "ntrp": 4.0,
        "microntrp": 4.2,
        "phone": "",
        "email": ""
    }
},
{
    "model": "blockdb.player",
    "pk": 39,
    "fields": {
        "user": 56,
        "first": "Linda",
        "last": "Bloomer",
        "gender": "F",
        "ntrp": 3.5,
        "microntrp": 3.9,
        "phone": "",
        "email": "lindabloomer@gmail.com"
    }
},
{
    "model": "blockdb.player",
    "pk": 40,
    "fields": {
        "user": 57,
        "first": "Wes",
        "last": "Carr",
        "gender": "M",
        "ntrp": 3.5,
        "microntrp": 3.8,
        "phone": "(208) 396-4069",
        "email": "wes.carr@hp.com"
    }
},
{
    "model": "blockdb.player",
    "pk": 41,
    "fields": {
        "user": 58,
        "first": "Kelly",
        "last": "Sturdy",
        "gender": "F",
        "ntrp": 4.0,
        "microntrp": 4.0,
        "phone": "",
        "email": "kellysturdy@gmail.com"
    }
},
{
    "model": "blockdb.player",
    "pk": 44,
    "fields": {
        "user": 59,
        "first": "Gail",
        "last": "Stauffer",
        "gender": "F",
        "ntrp": 3.5,
        "microntrp": 3.8,
        "phone": "(208) 866-3681",
        "email": "stauffers4@cableone.net"
    }
},
{
    "model": "blockdb.player",
    "pk": 45,
    "fields": {
        "user": 60,
        "first": "Randy",
        "last": "Stauffer",
        "gender": "M",
        "ntrp": 4.0,
        "microntrp": 4.0,
        "phone": "",
        "email": ""
    }
},
{
    "model": "blockdb.player",
    "pk": 46,
    "fields": {
        "user": 61,
        "first": "Holly",
        "last": "Kotoski",
        "gender": "F",
        "ntrp": 4.0,
        "microntrp": 4.0,
        "phone": "",
        "email": "hmk3000@q.com"
    }
},
{
    "model": "blockdb.player",
    "pk": 47,
    "fields": {
        "user": 62,
        "first": "Ralph",
        "last": "Kotoski",
        "gender": "M",
        "ntrp": 3.0,
        "microntrp": 3.4,
        "phone": "",
        "email": ""
    }
},
{
    "model": "blockdb.player",
    "pk": 48,
    "fields": {
        "user": 63,
        "first": "Bob",
        "last": "Burtch",
        "gender": "M",
        "ntrp": 4.5,
        "microntrp": 4.4,
        "phone": "",
        "email": "burtch.bob@gmail.com"
    }
},
{
    "model": "blockdb.player",
    "pk": 49,
    "fields": {
        "user": 64,
        "first": "Gail",
        "last": "Walker-Burtch",
        "gender": "F",
        "ntrp": 4.5,
        "microntrp": 4.5,
        "phone": "",
        "email": "gailwalker10@aol.com"
    }
},
{
    "model": "blockdb.player",
    "pk": 50,
    "fields": {
        "user": 65,
        "first": "Derek",
        "last": "Duval",
        "gender": "M",
        "ntrp": 4.0,
        "microntrp": 4.1,
        "phone": "",
        "email": ""
    }
},
{
    "model": "blockdb.player",
    "pk": 51,
    "fields": {
        "user": 66,
        "first": "Patti",
        "last": "Watkins",
        "gender": "F",
        "ntrp": 3.5,
        "microntrp": 3.9,
        "phone": "",
        "email": ""
    }
},
{
    "model": "blockdb.player",
    "pk": 52,
    "fields": {
        "user": 68,
        "first": "Marilyn",
        "last": "Parker",
        "gender": "M",
        "ntrp": 4.0,
        "microntrp": 4.0,
        "phone": "",
        "email": ""
    }
},
{
    "model": "blockdb.player",
    "pk": 53,
    "fields": {
        "user": 69,
        "first": "Tina",
        "last": "Measham",
        "gender": "F",
        "ntrp": 4.0,
        "microntrp": 4.0,
        "phone": "208) 863-0725",
        "email": "tmeasham.awd@gmail.com"
    }
},
{
    "model": "blockdb.player",
    "pk": 54,
    "fields": {
        "user": 70,
        "first": "Fazal",
        "last": "Shariff",
        "gender": "M",
        "ntrp": 4.0,
        "microntrp": 4.0,
        "phone": "208-598-3544",
        "email": "fazalshariff@yahoo.com"
    }
},
{
    "model": "blockdb.player",
    "pk": 55,
    "fields": {
        "user": 71,
        "first": "Rosa",
        "last": "Carnot",
        "gender": "F",
        "ntrp": 4.0,
        "microntrp": 4.0,
        "phone": "208-283-2577",
        "email": "randrcarnot@aol.com"
    }
},
{
    "model": "blockdb.player",
    "pk": 56,
    "fields": {
        "user": 72,
        "first": "Paul",
        "last": "Brooks",
        "gender": "M",
        "ntrp": 4.0,
        "microntrp": 4.1,
        "phone": "208-869-2592",
        "email": "polywog1511@outlook.com"
    }
},
{
    "model": "blockdb.player",
    "pk": 57,
    "fields": {
        "user": 73,
        "first": "Kellee",
        "last": "Jones",
        "gender": "F",
        "ntrp": 4.0,
        "microntrp": 4.0,
        "phone": "206-947-1790",
        "email": "kelleejones@hotmail.com"
    }
},
{
    "model": "blockdb.player",
    "pk": 58,
    "fields": {
        "user": 74,
        "first": "Allen",
        "last": "Lockhart",
        "gender": "M",
        "ntrp": 3.5,
        "microntrp": 3.8,
        "phone": "208-867-6024",
        "email": "amlockhart@cableone.net"
    }
},
{
    "model": "blockdb.player",
    "pk": 59,
    "fields": {
        "user": 75,
        "first": "Mary ",
        "last": "Schofield",
        "gender": "F",
        "ntrp": 4.0,
        "microntrp": 4.0,
        "phone": "2088-761-5808",
        "email": "amlockhart@cableone.net"
    }
},
{
    "model": "blockdb.player",
    "pk": 60,
    "fields": {
        "user": 76,
        "first": "Dianne",
        "last": "Bearss",
        "gender": "F",
        "ntrp": 3.5,
        "microntrp": 3.7,
        "phone": "",
        "email": ""
    }
},
{
    "model": "blockdb.player",
    "pk": 61,
    "fields": {
        "user": 78,
        "first": "Willie",
        "last": "Lafrades",
        "gender": "M",
        "ntrp": 4.0,
        "microntrp": 4.2,
        "phone": "",
        "email": ""
    }
},
{
    "model": "blockdb.player",
    "pk": 62,
    "fields": {
        "user": 79,
        "first": "Duane",
        "last": "Brash",
        "gender": "M",
        "ntrp": 3.0,
        "microntrp": 3.0,
        "phone": "",
        "email": ""
    }
},
{
    "model": "blockdb.player",
    "pk": 63,
    "fields": {
        "user": 80,
        "first": "Lisa",
        "last": "Snelling",
        "gender": "F",
        "ntrp": 4.0,
        "microntrp": 4.0,
        "phone": "",
        "email": ""
    }
},
{
    "model": "blockdb.player",
    "pk": 64,
    "fields": {
        "user": 81,
        "first": "Julie",
        "last": "Harris",
        "gender": "F",
        "ntrp": 3.5,
        "microntrp": 3.5,
        "phone": "",
        "email": ""
    }
},
{
    "model": "blockdb.player",
    "pk": 65,
    "fields": {
        "user": 82,
        "first": "Buck",
        "last": "Harris",
        "gender": "M",
        "ntrp": 4.0,
        "microntrp": 4.2,
        "phone": "",
        "email": ""
    }
},
{
    "model": "blockdb.player",
    "pk": 66,
    "fields": {
        "user": 83,
        "first": "Dawn",
        "last": "Lafrades",
        "gender": "F",
        "ntrp": 3.0,
        "microntrp": 3.4,
        "phone": "",
        "email": ""
    }
},
{
    "model": "blockdb.player",
    "pk": 69,
    "fields": {
        "user": 85,
        "first": "Grant",
        "last": "Upchurch",
        "gender": "M",
        "ntrp": 4.0,
        "microntrp": 4.1,
        "phone": "(208) 794-3108",
        "email": "gupchurch@cableone.net"
    }
},
{
    "model": "blockdb.player",
    "pk": 70,
    "fields": {
        "user": 86,
        "first": "Lynn",
        "last": "Coltrin",
        "gender": "M",
        "ntrp": 3.5,
        "microntrp": 3.9,
        "phone": "",
        "email": "l46coltrin@gmail.com"
    }
},
{
    "model": "blockdb.player",
    "pk": 71,
    "fields": {
        "user": 90,
        "first": "Donalee",
        "last": "Quinn",
        "gender": "F",
        "ntrp": 4.0,
        "microntrp": 4.3,
        "phone": "",
        "email": "donaleequinn@yahoo.com"
    }
},
{
    "model": "blockdb.player",
    "pk": 72,
    "fields": {
        "user": 91,
        "first": "Louise",
        "last": "Brash",
        "gender": "F",
        "ntrp": 3.5,
        "microntrp": 3.7,
        "phone": "",
        "email": "louisebinid@att.net"
    }
},
{
    "model": "blockdb.player",
    "pk": 73,
    "fields": {
        "user": 92,
        "first": "Lynn",
        "last": "Chase",
        "gender": "F",
        "ntrp": 4.0,
        "microntrp": 4.1,
        "phone": "",
        "email": ""
    }
},
{
    "model": "blockdb.player",
    "pk": 74,
    "fields": {
        "user": 93,
        "first": "Jay",
        "last": "Vavrek",
        "gender": "M",
        "ntrp": 3.5,
        "microntrp": 3.9,
        "phone": "",
        "email": ""
    }
},
{
    "model": "blockdb.player",
    "pk": 75,
    "fields": {
        "user": 94,
        "first": "Tara",
        "last": "Wolf",
        "gender": "F",
        "ntrp": 4.0,
        "microntrp": 4.2,
        "phone": "208-891-9379",
        "email": ""
    }
},
{
    "model": "blockdb.player",
    "pk": 76,
    "fields": {
        "user": 95,
        "first": "Terry",
        "last": "Pape",
        "gender": "M",
        "ntrp": 4.0,
        "microntrp": 4.0,
        "phone": "",
        "email": ""
    }
},
{
    "model": "blockdb.player",
    "pk": 77,
    "fields": {
        "user": 96,
        "first": "Dave",
        "last": "Umberger",
        "gender": "M",
        "ntrp": 4.0,
        "microntrp": 4.0,
        "phone": "(208) 830-3313",
        "email": "dkumberger@gmail.com"
    }
},
{
    "model": "blockdb.player",
    "pk": 78,
    "fields": {
        "user": 98,
        "first": "Tim",
        "last": "Trued",
        "gender": "M",
        "ntrp": 4.0,
        "microntrp": 4.3,
        "phone": "(208) 520-5691",
        "email": "tim.trued@gmail.com"
    }
},
{
    "model": "blockdb.player",
    "pk": 79,
    "fields": {
        "user": 99,
        "first": "Andi",
        "last": "Hoyt",
        "gender": "F",
        "ntrp": 3.0,
        "microntrp": 3.4,
        "phone": "(208) 841-7678",
        "email": "andreahoyt@gmail.com"
    }
},
{
    "model": "blockdb.player",
    "pk": 80,
    "fields": {
        "user": 100,
        "first": "Jan",
        "last": "Treadway",
        "gender": "F",
        "ntrp": 4.0,
        "microntrp": 4.3,
        "phone": "(425) 922-6111",
        "email": "jan.treadway@gmail.com"
    }
},
{
    "model": "blockdb.player",
    "pk": 81,
    "fields": {
        "user": 101,
        "first": "Jayme",
        "last": "Sullivan",
        "gender": "F",
        "ntrp": 4.0,
        "microntrp": 4.0,
        "phone": "(208) 756-7259",
        "email": "jaymebsullivan@hotmail.com"
    }
},
{
    "model": "blockdb.player",
    "pk": 82,
    "fields": {
        "user": 102,
        "first": "Jeff",
        "last": "Wood",
        "gender": "M",
        "ntrp": 4.0,
        "microntrp": 4.0,
        "phone": "(208) 863-2810",
        "email": "jeffwood@fastcomps.com"
    }
},
{
    "model": "blockdb.player",
    "pk": 83,
    "fields": {
        "user": 103,
        "first": "Jo Ann",
        "last": "Kurz",
        "gender": "F",
        "ntrp": 4.5,
        "microntrp": 4.5,
        "phone": "",
        "email": "JOANNKURZ@msn.com"
    }
},
{
    "model": "blockdb.player",
    "pk": 84,
    "fields": {
        "user": 104,
        "first": "Jan",
        "last": "Jeltema",
        "gender": "F",
        "ntrp": 5.5,
        "microntrp": 5.5,
        "phone": "",
        "email": "jan@nospam.com"
    }
},
{
    "model": "blockdb.player",
    "pk": 85,
    "fields": {
        "user": 105,
        "first": "Jason",
        "last": "Hunsperger",
        "gender": "M",
        "ntrp": 4.0,
        "microntrp": 4.0,
        "phone": "208-375-5346",
        "email": "hunsperger.jason@gmail.com"
    }
},
{
    "model": "blockdb.player",
    "pk": 86,
    "fields": {
        "user": 106,
        "first": "Robert",
        "last": "Sterk",
        "gender": "M",
        "ntrp": 4.5,
        "microntrp": 4.5,
        "phone": "",
        "email": ""
    }
},
{
    "model": "blockdb.player",
    "pk": 87,
    "fields": {
        "user": 107,
        "first": "Curtis",
        "last": "Egge",
        "gender": "M",
        "ntrp": 3.5,
        "microntrp": 3.8,
        "phone": "",
        "email": ""
    }
},
{
    "model": "blockdb.player",
    "pk": 88,
    "fields": {
        "user": 108,
        "first": "Jan",
        "last": "Ehrhart",
        "gender": "F",
        "ntrp": 4.5,
        "microntrp": 4.3,
        "phone": "",
        "email": ""
    }
},
{
    "model": "blockdb.player",
    "pk": 89,
    "fields": {
        "user": 109,
        "first": "Leann",
        "last": "Gilberg",
        "gender": "F",
        "ntrp": 4.0,
        "microntrp": 4.0,
        "phone": "",
        "email": ""
    }
},
{
    "model": "blockdb.player",
    "pk": 90,
    "fields": {
        "user": 110,
        "first": "Lindy",
        "last": "McDonald",
        "gender": "F",
        "ntrp": 4.0,
        "microntrp": 4.0,
        "phone": "",
        "email": ""
    }
},
{
    "model": "blockdb.player",
    "pk": 91,
    "fields": {
        "user": 111,
        "first": "Lance",
        "last": "Martin",
        "gender": "M",
        "ntrp": 4.5,
        "microntrp": 4.3,
        "phone": "",
        "email": ""
    }
},
{
    "model": "blockdb.player",
    "pk": 92,
    "fields": {
        "user": 112,
        "first": "Julie",
        "last": "Meikle",
        "gender": "F",
        "ntrp": 4.0,
        "microntrp": 4.2,
        "phone": "",
        "email": ""
    }
},
{
    "model": "blockdb.player",
    "pk": 93,
    "fields": {
        "user": 113,
        "first": "Jaxon",
        "last": "Montague",
        "gender": "M",
        "ntrp": 4.5,
        "microntrp": 4.3,
        "phone": "",
        "email": ""
    }
},
{
    "model": "blockdb.player",
    "pk": 94,
    "fields": {
        "user": 114,
        "first": "John",
        "last": "Worsley",
        "gender": "M",
        "ntrp": 4.0,
        "microntrp": 4.3,
        "phone": "",
        "email": ""
    }
},
{
    "model": "blockdb.player",
    "pk": 95,
    "fields": {
        "user": 115,
        "first": "Daniel",
        "last": "Henderson",
        "gender": "M",
        "ntrp": 2.0,
        "microntrp": 2.0,
        "phone": "",
        "email": "tindrum@mac.com"
    }
},
{
    "model": "blockdb.player",
    "pk": 96,
    "fields": {
        "user": 118,
        "first": "Dan",
        "last": "Holmes",
        "gender": "M",
        "ntrp": 4.0,
        "microntrp": 3.8,
        "phone": "",
        "email": ""
    }
},
{
    "model": "blockdb.player",
    "pk": 97,
    "fields": {
        "user": 119,
        "first": "Joanne",
        "last": "Woodword",
        "gender": "F",
        "ntrp": 1.5,
        "microntrp": 1.5,
        "phone": "",
        "email": ""
    }
},
{
    "model": "blockdb.player",
    "pk": 98,
    "fields": {
        "user": 121,
        "first": "Lisa",
        "last": "Andrews",
        "gender": "F",
        "ntrp": 4.0,
        "microntrp": 4.4,
        "phone": "",
        "email": ""
    }
},
{
    "model": "blockdb.player",
    "pk": 99,
    "fields": {
        "user": 122,
        "first": "Ray",
        "last": "Cochrane",
        "gender": "M",
        "ntrp": 4.0,
        "microntrp": 4.1,
        "phone": "",
        "email": "raycochrane@cableone.net"
    }
},
{
    "model": "blockdb.player",
    "pk": 100,
    "fields": {
        "user": 123,
        "first": "Susan",
        "last": "Schossberger",
        "gender": "F",
        "ntrp": 3.5,
        "microntrp": 3.9,
        "phone": "",
        "email": "sschossy@gmail.com"
    }
},
{
    "model": "blockdb.player",
    "pk": 101,
    "fields": {
        "user": 124,
        "first": "Vicki",
        "last": "McBride",
        "gender": "F",
        "ntrp": 3.5,
        "microntrp": 3.7,
        "phone": "",
        "email": "thecookiejarboise@gmail.com"
    }
},
{
    "model": "blockdb.player",
    "pk": 102,
    "fields": {
        "user": 125,
        "first": "Dan",
        "last": "Oliver",
        "gender": "M",
        "ntrp": 4.0,
        "microntrp": 4.1,
        "phone": "",
        "email": ""
    }
},
{
    "model": "account.emailaddress",
    "pk": 1,
    "fields": {
        "user": 69,
        "email": "tmeasham.awd@gmail.com",
        "verified": false,
        "primary": true
    }
},
{
    "model": "account.emailaddress",
    "pk": 2,
    "fields": {
        "user": 70,
        "email": "fazalshariff@yahoo.com",
        "verified": false,
        "primary": true
    }
},
{
    "model": "account.emailaddress",
    "pk": 3,
    "fields": {
        "user": 71,
        "email": "randrcarnot@aol.com",
        "verified": false,
        "primary": true
    }
},
{
    "model": "account.emailaddress",
    "pk": 4,
    "fields": {
        "user": 72,
        "email": "polywog1511@outlook.com",
        "verified": false,
        "primary": true
    }
},
{
    "model": "account.emailaddress",
    "pk": 5,
    "fields": {
        "user": 73,
        "email": "kelleejones@hotmail.com",
        "verified": false,
        "primary": true
    }
},
{
    "model": "account.emailaddress",
    "pk": 6,
    "fields": {
        "user": 74,
        "email": "amlockhart@cableone.net",
        "verified": false,
        "primary": true
    }
},
{
    "model": "account.emailaddress",
    "pk": 7,
    "fields": {
        "user": 85,
        "email": "gupchurch@cableone.net",
        "verified": false,
        "primary": true
    }
},
{
    "model": "account.emailaddress",
    "pk": 8,
    "fields": {
        "user": 86,
        "email": "l46coltrin@gmail.com",
        "verified": false,
        "primary": true
    }
},
{
    "model": "account.emailaddress",
    "pk": 9,
    "fields": {
        "user": 90,
        "email": "donaleequinn@yahoo.com",
        "verified": false,
        "primary": true
    }
},
{
    "model": "account.emailaddress",
    "pk": 10,
    "fields": {
        "user": 91,
        "email": "louisebinid@att.net",
        "verified": false,
        "primary": true
    }
},
{
    "model": "account.emailaddress",
    "pk": 11,
    "fields": {
        "user": 96,
        "email": "dkumberger@gmail.com",
        "verified": false,
        "primary": true
    }
},
{
    "model": "account.emailaddress",
    "pk": 12,
    "fields": {
        "user": 98,
        "email": "tim.trued@gmail.com",
        "verified": false,
        "primary": true
    }
},
{
    "model": "account.emailaddress",
    "pk": 13,
    "fields": {
        "user": 99,
        "email": "andreahoyt@gmail.com",
        "verified": false,
        "primary": true
    }
},
{
    "model": "account.emailaddress",
    "pk": 14,
    "fields": {
        "user": 100,
        "email": "jan.treadway@gmail.com",
        "verified": false,
        "primary": true
    }
},
{
    "model": "account.emailaddress",
    "pk": 15,
    "fields": {
        "user": 101,
        "email": "jaymebsullivan@hotmail.com",
        "verified": false,
        "primary": true
    }
},
{
    "model": "account.emailaddress",
    "pk": 16,
    "fields": {
        "user": 102,
        "email": "jeffwood@fastcomps.com",
        "verified": false,
        "primary": true
    }
},
{
    "model": "account.emailaddress",
    "pk": 17,
    "fields": {
        "user": 103,
        "email": "JOANNKURZ@msn.com",
        "verified": false,
        "primary": true
    }
},
{
    "model": "account.emailaddress",
    "pk": 18,
    "fields": {
        "user": 104,
        "email": "jan@nospam.com",
        "verified": false,
        "primary": true
    }
},
{
    "model": "account.emailaddress",
    "pk": 19,
    "fields": {
        "user": 105,
        "email": "hunsperger.jason@gmail.com",
        "verified": false,
        "primary": true
    }
},
{
    "model": "account.emailaddress",
    "pk": 20,
    "fields": {
        "user": 115,
        "email": "tindrum@mac.com",
        "verified": false,
        "primary": true
    }
},
{
    "model": "account.emailaddress",
    "pk": 21,
    "fields": {
        "user": 120,
        "email": "ed@tennisblock.com",
        "verified": false,
        "primary": true
    }
},
{
    "model": "account.emailaddress",
    "pk": 22,
    "fields": {
        "user": 122,
        "email": "raycochrane@cableone.net",
        "verified": false,
        "primary": true
    }
},
{
    "model": "account.emailaddress",
    "pk": 23,
    "fields": {
        "user": 123,
        "email": "sschossy@gmail.com",
        "verified": false,
        "primary": true
    }
},
{
    "model": "account.emailaddress",
    "pk": 24,
    "fields": {
        "user": 124,
        "email": "thecookiejarboise@gmail.com",
        "verified": false,
        "primary": true
    }
},
{
    "model": "account.account",
    "pk": 2,
    "fields": {
        "user": 59,
        "timezone": "",
        "language": "en-us"
    }
},
{
    "model": "account.account",
    "pk": 3,
    "fields": {
        "user": 60,
        "timezone": "",
        "language": "en-us"
    }
},
{
    "model": "account.account",
    "pk": 4,
    "fields": {
        "user": 61,
        "timezone": "",
        "language": "en-us"
    }
},
{
    "model": "account.account",
    "pk": 5,
    "fields": {
        "user": 62,
        "timezone": "",
        "language": "en-us"
    }
},
{
    "model": "account.account",
    "pk": 6,
    "fields": {
        "user": 63,
        "timezone": "",
        "language": "en-us"
    }
},
{
    "model": "account.account",
    "pk": 7,
    "fields": {
        "user": 64,
        "timezone": "",
        "language": "en-us"
    }
},
{
    "model": "account.account",
    "pk": 8,
    "fields": {
        "user": 65,
        "timezone": "",
        "language": "en-us"
    }
},
{
    "model": "account.account",
    "pk": 9,
    "fields": {
        "user": 66,
        "timezone": "",
        "language": "en-us"
    }
},
{
    "model": "account.account",
    "pk": 10,
    "fields": {
        "user": 68,
        "timezone": "",
        "language": "en-us"
    }
},
{
    "model": "account.account",
    "pk": 11,
    "fields": {
        "user": 69,
        "timezone": "",
        "language": "en-us"
    }
},
{
    "model": "account.account",
    "pk": 12,
    "fields": {
        "user": 70,
        "timezone": "",
        "language": "en-us"
    }
},
{
    "model": "account.account",
    "pk": 13,
    "fields": {
        "user": 71,
        "timezone": "",
        "language": "en-us"
    }
},
{
    "model": "account.account",
    "pk": 14,
    "fields": {
        "user": 72,
        "timezone": "",
        "language": "en-us"
    }
},
{
    "model": "account.account",
    "pk": 15,
    "fields": {
        "user": 73,
        "timezone": "",
        "language": "en-us"
    }
},
{
    "model": "account.account",
    "pk": 16,
    "fields": {
        "user": 74,
        "timezone": "",
        "language": "en-us"
    }
},
{
    "model": "account.account",
    "pk": 17,
    "fields": {
        "user": 75,
        "timezone": "",
        "language": "en-us"
    }
},
{
    "model": "account.account",
    "pk": 18,
    "fields": {
        "user": 76,
        "timezone": "",
        "language": "en-us"
    }
},
{
    "model": "account.account",
    "pk": 19,
    "fields": {
        "user": 77,
        "timezone": "",
        "language": "en-us"
    }
},
{
    "model": "account.account",
    "pk": 20,
    "fields": {
        "user": 78,
        "timezone": "",
        "language": "en-us"
    }
},
{
    "model": "account.account",
    "pk": 21,
    "fields": {
        "user": 79,
        "timezone": "",
        "language": "en-us"
    }
},
{
    "model": "account.account",
    "pk": 22,
    "fields": {
        "user": 80,
        "timezone": "",
        "language": "en-us"
    }
},
{
    "model": "account.account",
    "pk": 23,
    "fields": {
        "user": 81,
        "timezone": "",
        "language": "en-us"
    }
},
{
    "model": "account.account",
    "pk": 24,
    "fields": {
        "user": 82,
        "timezone": "",
        "language": "en-us"
    }
},
{
    "model": "account.account",
    "pk": 25,
    "fields": {
        "user": 83,
        "timezone": "",
        "language": "en-us"
    }
},
{
    "model": "account.account",
    "pk": 26,
    "fields": {
        "user": 85,
        "timezone": "",
        "language": "en-us"
    }
},
{
    "model": "account.account",
    "pk": 27,
    "fields": {
        "user": 86,
        "timezone": "",
        "language": "en-us"
    }
},
{
    "model": "account.account",
    "pk": 28,
    "fields": {
        "user": 90,
        "timezone": "",
        "language": "en-us"
    }
},
{
    "model": "account.account",
    "pk": 29,
    "fields": {
        "user": 91,
        "timezone": "",
        "language": "en-us"
    }
},
{
    "model": "account.account",
    "pk": 30,
    "fields": {
        "user": 92,
        "timezone": "",
        "language": "en-us"
    }
},
{
    "model": "account.account",
    "pk": 31,
    "fields": {
        "user": 93,
        "timezone": "",
        "language": "en-us"
    }
},
{
    "model": "account.account",
    "pk": 32,
    "fields": {
        "user": 94,
        "timezone": "",
        "language": "en-us"
    }
},
{
    "model": "account.account",
    "pk": 33,
    "fields": {
        "user": 95,
        "timezone": "",
        "language": "en-us"
    }
},
{
    "model": "account.account",
    "pk": 34,
    "fields": {
        "user": 96,
        "timezone": "",
        "language": "en-us"
    }
},
{
    "model": "account.account",
    "pk": 35,
    "fields": {
        "user": 98,
        "timezone": "",
        "language": "en-us"
    }
},
{
    "model": "account.account",
    "pk": 36,
    "fields": {
        "user": 99,
        "timezone": "",
        "language": "en-us"
    }
},
{
    "model": "account.account",
    "pk": 37,
    "fields": {
        "user": 100,
        "timezone": "",
        "language": "en-us"
    }
},
{
    "model": "account.account",
    "pk": 38,
    "fields": {
        "user": 101,
        "timezone": "",
        "language": "en-us"
    }
},
{
    "model": "account.account",
    "pk": 39,
    "fields": {
        "user": 102,
        "timezone": "",
        "language": "en-us"
    }
},
{
    "model": "account.account",
    "pk": 40,
    "fields": {
        "user": 103,
        "timezone": "",
        "language": "en-us"
    }
},
{
    "model": "account.account",
    "pk": 41,
    "fields": {
        "user": 104,
        "timezone": "",
        "language": "en-us"
    }
},
{
    "model": "account.account",
    "pk": 42,
    "fields": {
        "user": 105,
        "timezone": "",
        "language": "en-us"
    }
},
{
    "model": "account.account",
    "pk": 43,
    "fields": {
        "user": 106,
        "timezone": "",
        "language": "en-us"
    }
},
{
    "model": "account.account",
    "pk": 44,
    "fields": {
        "user": 107,
        "timezone": "",
        "language": "en-us"
    }
},
{
    "model": "account.account",
    "pk": 45,
    "fields": {
        "user": 108,
        "timezone": "",
        "language": "en-us"
    }
},
{
    "model": "account.account",
    "pk": 46,
    "fields": {
        "user": 109,
        "timezone": "",
        "language": "en-us"
    }
},
{
    "model": "account.account",
    "pk": 47,
    "fields": {
        "user": 110,
        "timezone": "",
        "language": "en-us"
    }
},
{
    "model": "account.account",
    "pk": 48,
    "fields": {
        "user": 111,
        "timezone": "",
        "language": "en-us"
    }
},
{
    "model": "account.account",
    "pk": 49,
    "fields": {
        "user": 112,
        "timezone": "",
        "language": "en-us"
    }
},
{
    "model": "account.account",
    "pk": 50,
    "fields": {
        "user": 113,
        "timezone": "",
        "language": "en-us"
    }
},
{
    "model": "account.account",
    "pk": 51,
    "fields": {
        "user": 114,
        "timezone": "",
        "language": "en-us"
    }
},
{
    "model": "account.account",
    "pk": 52,
    "fields": {
        "user": 115,
        "timezone": "",
        "language": "en-us"
    }
},
{
    "model": "account.account",
    "pk": 53,
    "fields": {
        "user": 118,
        "timezone": "",
        "language": "en-us"
    }
},
{
    "model": "account.account",
    "pk": 54,
    "fields": {
        "user": 119,
        "timezone": "",
        "language": "en-us"
    }
},
{
    "model": "account.account",
    "pk": 55,
    "fields": {
        "user": 120,
        "timezone": "",
        "language": "en-us"
    }
},
{
    "model": "account.account",
    "pk": 56,
    "fields": {
        "user": 121,
        "timezone": "",
        "language": "en-us"
    }
},
{
    "model": "account.account",
    "pk": 57,
    "fields": {
        "user": 122,
        "timezone": "",
        "language": "en-us"
    }
},
{
    "model": "account.account",
    "pk": 58,
    "fields": {
        "user": 123,
        "timezone": "",
        "language": "en-us"
    }
},
{
    "model": "account.account",
    "pk": 59,
    "fields": {
        "user": 124,
        "timezone": "",
        "language": "en-us"
    }
},
{
    "model": "account.account",
    "pk": 60,
    "fields": {
        "user": 125,
        "timezone": "",
        "language": "en-us"
    }
}
]
