-- phpMyAdmin SQL Dump
-- version 2.11.9.5
-- http://www.phpmyadmin.net
--
-- Host: localhost
-- Generation Time: Jan 11, 2011 at 09:48 PM
-- Server version: 5.0.77
-- PHP Version: 5.1.6

SET SQL_MODE="NO_AUTO_VALUE_ON_ZERO";


/*!40101 SET @OLD_CHARACTER_SET_CLIENT=@@CHARACTER_SET_CLIENT */;
/*!40101 SET @OLD_CHARACTER_SET_RESULTS=@@CHARACTER_SET_RESULTS */;
/*!40101 SET @OLD_COLLATION_CONNECTION=@@COLLATION_CONNECTION */;
/*!40101 SET NAMES utf8 */;

--
-- Database: `friday_tennis`
--

-- --------------------------------------------------------

--
-- Table structure for table `availability`
--

CREATE TABLE IF NOT EXISTS `availability` (
  `PID` int(8) NOT NULL,
  `date` date NOT NULL,
  `unavailable` tinyint(1) NOT NULL,
  `Reason` text NOT NULL,
  `season` varchar(12) NOT NULL default '2008 fall',
  `sid` smallint(11) NOT NULL,
  KEY `date` (`date`),
  KEY `PID` (`PID`)
) ENGINE=InnoDB DEFAULT CHARSET=latin1;

--
-- Dumping data for table `availability`
--

INSERT INTO `availability` (`PID`, `date`, `unavailable`, `Reason`, `season`, `sid`) VALUES
(4, '2008-09-26', 1, '', '2008 fall', 0),
(4, '2008-10-17', 1, '', '2008 fall', 0),
(4, '2008-11-28', 1, '', '2008 fall', 0),
(4, '2008-12-05', 1, '', '2008 fall', 0),
(4, '2008-12-12', 1, '', '2008 fall', 0),
(4, '2009-01-02', 1, '', '2008 fall', 0),
(4, '2009-01-09', 1, '', '2008 fall', 0),
(3, '2008-09-26', 1, '', '2008 fall', 0),
(3, '2008-10-17', 1, '', '2008 fall', 0),
(3, '2008-11-28', 1, '', '2008 fall', 0),
(3, '2008-12-05', 1, '', '2008 fall', 0),
(3, '2008-12-12', 1, '', '2008 fall', 0),
(3, '2009-01-02', 1, '', '2008 fall', 0),
(3, '2009-01-09', 1, '', '2008 fall', 0),
(5, '2008-10-10', 1, '', '2008 fall', 0),
(8, '2008-09-26', 1, '', '2008 fall', 0),
(7, '2008-09-26', 1, '', '2008 fall', 0),
(7, '2008-10-24', 1, '', '2008 fall', 0),
(7, '2008-11-07', 1, '', '2008 fall', 0),
(9, '2008-09-26', 1, '', '2008 fall', 0),
(9, '2008-10-03', 1, '', '2008 fall', 0),
(9, '2008-11-07', 1, '', '2008 fall', 0),
(10, '2008-09-26', 1, '', '2008 fall', 0),
(10, '2008-10-03', 1, '', '2008 fall', 0),
(10, '2008-11-07', 1, '', '2008 fall', 0),
(12, '2008-10-17', 1, '', '2008 fall', 0),
(12, '2008-11-28', 1, '', '2008 fall', 0),
(11, '2008-10-17', 1, '', '2008 fall', 0),
(11, '2008-11-28', 1, '', '2008 fall', 0),
(14, '2008-09-26', 1, '', '2008 fall', 0),
(14, '2008-10-24', 1, '', '2008 fall', 0),
(14, '2008-10-31', 1, '', '2008 fall', 0),
(16, '2008-10-03', 1, '', '2008 fall', 0),
(16, '2008-10-17', 1, '', '2008 fall', 0),
(16, '2008-11-28', 1, '', '2008 fall', 0),
(15, '2008-10-03', 1, '', '2008 fall', 0),
(15, '2008-10-17', 1, '', '2008 fall', 0),
(15, '2008-11-28', 1, '', '2008 fall', 0),
(15, '2008-12-12', 1, '', '2008 fall', 0),
(18, '2008-09-26', 1, '', '2008 fall', 0),
(18, '2008-10-17', 1, '', '2008 fall', 0),
(18, '2008-11-28', 1, '', '2008 fall', 0),
(18, '2008-12-12', 1, '', '2008 fall', 0),
(17, '2008-09-26', 1, '', '2008 fall', 0),
(17, '2008-10-17', 1, '', '2008 fall', 0),
(17, '2008-11-28', 1, '', '2008 fall', 0),
(20, '2008-09-26', 1, '', '2008 fall', 0),
(19, '2008-09-26', 1, '', '2008 fall', 0),
(22, '2008-10-31', 1, '', '2008 fall', 0),
(22, '2008-11-14', 1, '', '2008 fall', 0),
(21, '2008-10-31', 1, '', '2008 fall', 0),
(21, '2008-11-14', 1, '', '2008 fall', 0),
(4, '2008-09-26', 1, '', '2008 fall', 0),
(4, '2008-10-17', 1, '', '2008 fall', 0),
(4, '2008-11-28', 1, '', '2008 fall', 0),
(4, '2008-12-05', 1, '', '2008 fall', 0),
(4, '2008-12-12', 1, '', '2008 fall', 0),
(4, '2009-01-02', 1, '', '2008 fall', 0),
(4, '2009-01-09', 1, '', '2008 fall', 0),
(3, '2008-09-26', 1, '', '2008 fall', 0),
(3, '2008-10-17', 1, '', '2008 fall', 0),
(3, '2008-11-28', 1, '', '2008 fall', 0),
(3, '2008-12-05', 1, '', '2008 fall', 0),
(3, '2008-12-12', 1, '', '2008 fall', 0),
(3, '2009-01-02', 1, '', '2008 fall', 0),
(3, '2009-01-09', 1, '', '2008 fall', 0),
(5, '2008-10-10', 1, '', '2008 fall', 0),
(8, '2008-09-26', 1, '', '2008 fall', 0),
(7, '2008-09-26', 1, '', '2008 fall', 0),
(7, '2008-10-24', 1, '', '2008 fall', 0),
(7, '2008-11-07', 1, '', '2008 fall', 0),
(9, '2008-09-26', 1, '', '2008 fall', 0),
(9, '2008-10-03', 1, '', '2008 fall', 0),
(9, '2008-11-07', 1, '', '2008 fall', 0),
(10, '2008-09-26', 1, '', '2008 fall', 0),
(10, '2008-10-03', 1, '', '2008 fall', 0),
(10, '2008-11-07', 1, '', '2008 fall', 0),
(12, '2008-10-17', 1, '', '2008 fall', 0),
(12, '2008-11-28', 1, '', '2008 fall', 0),
(11, '2008-10-17', 1, '', '2008 fall', 0),
(11, '2008-11-28', 1, '', '2008 fall', 0),
(14, '2008-09-26', 1, '', '2008 fall', 0),
(14, '2008-10-24', 1, '', '2008 fall', 0),
(14, '2008-10-31', 1, '', '2008 fall', 0),
(16, '2008-10-03', 1, '', '2008 fall', 0),
(16, '2008-10-17', 1, '', '2008 fall', 0),
(16, '2008-11-28', 1, '', '2008 fall', 0),
(15, '2008-10-03', 1, '', '2008 fall', 0),
(15, '2008-10-17', 1, '', '2008 fall', 0),
(15, '2008-11-28', 1, '', '2008 fall', 0),
(15, '2008-12-12', 1, '', '2008 fall', 0),
(18, '2008-09-26', 1, '', '2008 fall', 0),
(18, '2008-10-17', 1, '', '2008 fall', 0),
(18, '2008-11-28', 1, '', '2008 fall', 0),
(18, '2008-12-12', 1, '', '2008 fall', 0),
(17, '2008-09-26', 1, '', '2008 fall', 0),
(17, '2008-10-17', 1, '', '2008 fall', 0),
(17, '2008-11-28', 1, '', '2008 fall', 0),
(20, '2008-09-26', 1, '', '2008 fall', 0),
(19, '2008-09-26', 1, '', '2008 fall', 0),
(22, '2008-10-31', 1, '', '2008 fall', 0),
(22, '2008-11-14', 1, '', '2008 fall', 0),
(21, '2008-10-31', 1, '', '2008 fall', 0),
(21, '2008-11-14', 1, '', '2008 fall', 0),
(7, '2009-01-16', 1, '', '2009 spring', 0),
(7, '2009-03-13', 1, '', '2009 spring', 0),
(9, '2009-01-16', 1, '', '2009 spring', 0),
(9, '2009-01-23', 1, '', '2009 spring', 0),
(9, '2009-01-30', 1, '', '2009 spring', 0),
(9, '2009-02-06', 1, '', '2009 spring', 0),
(10, '2009-01-16', 1, '', '2009 spring', 0),
(10, '2009-01-23', 1, '', '2009 spring', 0),
(10, '2009-01-30', 1, '', '2009 spring', 0),
(10, '2009-02-06', 1, '', '2009 spring', 0),
(10, '2009-02-13', 1, '', '2009 spring', 0),
(12, '2009-02-27', 1, '', '2009 spring', 0),
(12, '2009-03-27', 1, '', '2009 spring', 0),
(11, '2009-02-27', 1, '', '2009 spring', 0),
(11, '2009-03-27', 1, '', '2009 spring', 0),
(14, '2009-01-16', 1, '', '2009 spring', 0),
(15, '2009-01-16', 1, '', '2009 spring', 0),
(17, '2009-02-20', 1, '', '2009 spring', 0),
(22, '2009-02-27', 1, '', '2009 spring', 0),
(21, '2009-02-27', 1, '', '2009 spring', 0),
(38, '2009-01-23', 1, '', '2009 spring', 0),
(38, '2009-01-30', 1, '', '2009 spring', 0),
(38, '2009-02-06', 1, '', '2009 spring', 0),
(38, '2009-02-20', 1, '', '2009 spring', 0),
(38, '2009-03-06', 1, '', '2009 spring', 0),
(38, '2009-03-27', 1, '', '2009 spring', 0),
(39, '2009-01-23', 1, '', '2009 spring', 0),
(39, '2009-01-30', 1, '', '2009 spring', 0),
(39, '2009-02-06', 1, '', '2009 spring', 0),
(39, '2009-02-20', 1, '', '2009 spring', 0),
(39, '2009-03-06', 1, '', '2009 spring', 0),
(39, '2009-03-27', 1, '', '2009 spring', 0),
(27, '2009-01-23', 1, '', '2009 spring', 0),
(28, '2009-01-16', 1, '', '2009 spring', 0),
(28, '2009-01-23', 1, '', '2009 spring', 0),
(28, '2009-01-30', 1, '', '2009 spring', 0),
(28, '2009-02-13', 1, '', '2009 spring', 0),
(28, '2009-03-27', 1, '', '2009 spring', 0),
(28, '2009-04-24', 1, '', '2009 spring', 0),
(28, '2009-05-01', 1, '', '2009 spring', 0),
(32, '2009-01-16', 1, '', '2009 spring', 0),
(32, '2009-01-30', 1, '', '2009 spring', 0),
(33, '2009-02-13', 1, '', '2009 spring', 0),
(33, '2009-02-20', 1, '', '2009 spring', 0),
(33, '2009-02-27', 1, '', '2009 spring', 0),
(33, '2009-03-06', 1, '', '2009 spring', 0),
(33, '2009-03-13', 1, '', '2009 spring', 0),
(33, '2009-03-20', 1, '', '2009 spring', 0),
(33, '2009-03-27', 1, '', '2009 spring', 0),
(33, '2009-04-03', 1, '', '2009 spring', 0),
(44, '2009-02-20', 1, '', '2009 spring', 0),
(44, '2009-03-27', 1, '', '2009 spring', 0),
(45, '2009-02-20', 1, '', '2009 spring', 0),
(45, '2009-03-27', 1, '', '2009 spring', 0),
(5, '2009-12-18', 1, '', '2009 Fall', 0),
(6, '2009-12-18', 1, '', '2009 Fall', 0),
(7, '2009-11-06', 1, '', '2009 Fall', 0),
(7, '2009-11-13', 1, '', '2009 Fall', 0),
(9, '2009-11-06', 1, '', '2009 Fall', 0),
(9, '2009-11-13', 1, '', '2009 Fall', 0),
(9, '2009-11-20', 1, '', '2009 Fall', 0),
(9, '2009-11-27', 1, '', '2009 Fall', 0),
(9, '2009-12-04', 1, '', '2009 Fall', 0),
(9, '2009-12-11', 1, '', '2009 Fall', 0),
(9, '2009-12-18', 1, '', '2009 Fall', 0),
(10, '2009-11-06', 1, '', '2009 Fall', 0),
(10, '2009-11-13', 1, '', '2009 Fall', 0),
(10, '2009-11-20', 1, '', '2009 Fall', 0),
(10, '2009-11-27', 1, '', '2009 Fall', 0),
(10, '2009-12-04', 1, '', '2009 Fall', 0),
(10, '2009-12-11', 1, '', '2009 Fall', 0),
(10, '2009-12-18', 1, '', '2009 Fall', 0),
(17, '2009-10-16', 1, '', '2009 Fall', 0),
(17, '2009-10-23', 1, '', '2009 Fall', 0),
(15, '2009-11-06', 1, '', '2009 Fall', 0),
(15, '2009-11-13', 1, '', '2009 Fall', 0),
(22, '2009-10-09', 1, '', '2009 Fall', 0),
(22, '2009-10-30', 1, '', '2009 Fall', 0),
(21, '2009-10-09', 1, '', '2009 Fall', 0),
(21, '2009-10-30', 1, '', '2009 Fall', 0),
(32, '2009-10-09', 1, '', '2009 Fall', 0),
(38, '2009-10-16', 1, '', '2009 Fall', 0),
(38, '2009-11-20', 1, '', '2009 Fall', 0),
(38, '2009-12-04', 1, '', '2009 Fall', 0),
(39, '2009-11-20', 1, '', '2009 Fall', 0),
(39, '2009-12-04', 1, '', '2009 Fall', 0),
(44, '2009-10-23', 1, '', '2009 Fall', 0),
(44, '2009-12-04', 1, '', '2009 Fall', 0),
(45, '2009-10-23', 1, '', '2009 Fall', 0),
(45, '2009-12-04', 1, '', '2009 Fall', 0),
(53, '2009-10-16', 1, '', '2009 Fall', 0),
(53, '2009-10-30', 1, '', '2009 Fall', 0),
(53, '2009-11-13', 1, '', '2009 Fall', 0),
(53, '2009-12-11', 1, '', '2009 Fall', 0),
(52, '2009-10-16', 1, '', '2009 Fall', 0),
(52, '2009-10-30', 1, '', '2009 Fall', 0),
(52, '2009-11-13', 1, '', '2009 Fall', 0),
(52, '2009-12-11', 1, '', '2009 Fall', 0),
(55, '2009-10-09', 1, '', '2009 Fall', 0),
(55, '2009-10-23', 1, '', '2009 Fall', 0),
(55, '2009-11-06', 1, '', '2009 Fall', 0),
(55, '2009-11-20', 1, '', '2009 Fall', 0),
(55, '2009-12-04', 1, '', '2009 Fall', 0),
(55, '2009-12-18', 1, '', '2009 Fall', 0),
(55, '2010-01-01', 1, '', '2009 Fall', 0),
(54, '2009-10-09', 1, '', '2009 Fall', 0),
(54, '2009-10-23', 1, '', '2009 Fall', 0),
(54, '2009-11-06', 1, '', '2009 Fall', 0),
(54, '2009-11-20', 1, '', '2009 Fall', 0),
(54, '2009-12-04', 1, '', '2009 Fall', 0),
(54, '2009-12-18', 1, '', '2009 Fall', 0),
(54, '2010-01-01', 1, '', '2009 Fall', 0),
(56, '2009-10-16', 1, '', '2009 Fall', 0),
(56, '2009-10-30', 1, '', '2009 Fall', 0),
(56, '2009-11-06', 1, '', '2009 Fall', 0),
(56, '2009-11-27', 1, '', '2009 Fall', 0),
(56, '2009-12-04', 1, '', '2009 Fall', 0),
(56, '2009-12-11', 1, '', '2009 Fall', 0),
(57, '2009-10-16', 1, '', '2009 Fall', 0),
(57, '2009-10-30', 1, '', '2009 Fall', 0),
(57, '2009-11-13', 1, '', '2009 Fall', 0),
(57, '2009-11-27', 1, '', '2009 Fall', 0),
(57, '2009-12-04', 1, '', '2009 Fall', 0),
(57, '2009-12-11', 1, '', '2009 Fall', 0),
(58, '2009-10-09', 1, '', '2009 Fall', 0),
(58, '2009-10-23', 1, '', '2009 Fall', 0),
(58, '2009-10-30', 1, '', '2009 Fall', 0),
(58, '2009-11-06', 1, '', '2009 Fall', 0),
(58, '2009-12-04', 1, '', '2009 Fall', 0),
(59, '2009-10-16', 1, '', '2009 Fall', 0),
(59, '2009-11-06', 1, '', '2009 Fall', 0),
(59, '2009-12-04', 1, '', '2009 Fall', 0),
(34, '2009-10-23', 1, '', '2009 Fall', 0),
(34, '2009-10-30', 1, '', '2009 Fall', 0),
(35, '2009-10-23', 1, '', '2009 Fall', 0),
(35, '2009-10-30', 1, '', '2009 Fall', 0),
(58, '2010-04-09', 1, '', '2010 Spring', 0),
(59, '2010-04-09', 1, '', '2010 Spring', 0),
(55, '2010-01-15', 1, '', '2010 Spring', 0),
(55, '2010-01-29', 1, '', '2010 Spring', 0),
(55, '2010-02-12', 1, '', '2010 Spring', 0),
(55, '2010-02-26', 1, '', '2010 Spring', 0),
(55, '2010-03-12', 1, '', '2010 Spring', 0),
(55, '2010-04-09', 1, '', '2010 Spring', 0),
(54, '2010-01-15', 1, '', '2010 Spring', 0),
(54, '2010-01-29', 1, '', '2010 Spring', 0),
(54, '2010-02-12', 1, '', '2010 Spring', 0),
(54, '2010-02-26', 1, '', '2010 Spring', 0),
(54, '2010-03-12', 1, '', '2010 Spring', 0),
(54, '2010-04-09', 1, '', '2010 Spring', 0),
(22, '2010-04-09', 1, '', '2010 Spring', 0),
(21, '2010-04-09', 1, '', '2010 Spring', 0),
(56, '2010-01-15', 1, '', '2010 Spring', 0),
(56, '2010-02-19', 1, '', '2010 Spring', 0),
(56, '2010-02-26', 1, '', '2010 Spring', 0),
(56, '2010-03-12', 1, '', '2010 Spring', 0),
(56, '2010-04-09', 1, '', '2010 Spring', 0),
(57, '2010-01-15', 1, '', '2010 Spring', 0),
(57, '2010-02-19', 1, '', '2010 Spring', 0),
(57, '2010-02-26', 1, '', '2010 Spring', 0),
(57, '2010-03-12', 1, '', '2010 Spring', 0),
(57, '2010-04-09', 1, '', '2010 Spring', 0),
(44, '2010-02-26', 1, '', '2010 Spring', 0),
(44, '2010-03-19', 1, '', '2010 Spring', 0),
(44, '2010-03-26', 1, '', '2010 Spring', 0),
(45, '2010-02-26', 1, '', '2010 Spring', 0),
(45, '2010-03-26', 1, '', '2010 Spring', 0),
(2, '2010-04-16', 1, '', '2010 Spring', 0),
(1, '2010-04-16', 1, '', '2010 Spring', 0),
(38, '2010-04-02', 1, '', '2010 Spring', 0),
(38, '2010-04-09', 1, '', '2010 Spring', 0),
(39, '2010-04-02', 1, '', '2010 Spring', 0),
(39, '2010-04-09', 1, '', '2010 Spring', 0),
(9, '2010-03-05', 1, '', '2010 Spring', 0),
(9, '2010-04-09', 1, '', '2010 Spring', 0),
(10, '2010-03-05', 1, '', '2010 Spring', 0),
(10, '2010-04-09', 1, '', '2010 Spring', 0),
(17, '2010-01-15', 1, '', '2010 Spring', 0),
(17, '2010-01-22', 1, '', '2010 Spring', 0),
(17, '2010-02-05', 1, '', '2010 Spring', 0);

-- --------------------------------------------------------

--
-- Table structure for table `blockmeetings`
--

CREATE TABLE IF NOT EXISTS `blockmeetings` (
  `MEETID` int(8) NOT NULL auto_increment,
  `date` date NOT NULL,
  `holdout` tinyint(1) NOT NULL,
  `comments` text NOT NULL,
  `season` varchar(12) NOT NULL default '2008 fall',
  `sid` smallint(11) NOT NULL,
  PRIMARY KEY  (`MEETID`),
  KEY `date` (`date`)
) ENGINE=InnoDB  DEFAULT CHARSET=latin1 AUTO_INCREMENT=2363 ;

--
-- Dumping data for table `blockmeetings`
--

INSERT INTO `blockmeetings` (`MEETID`, `date`, `holdout`, `comments`, `season`, `sid`) VALUES
(2258, '2009-09-25', 1, '', '2009 Fall', 3),
(2259, '2009-10-02', 1, '', '2009 Fall', 3),
(2260, '2009-10-09', 0, '', '2009 Fall', 3),
(2261, '2009-10-16', 0, '', '2009 Fall', 3),
(2262, '2009-10-23', 0, '', '2009 Fall', 3),
(2263, '2009-10-30', 0, '', '2009 Fall', 3),
(2264, '2009-11-06', 0, '', '2009 Fall', 3),
(2265, '2009-11-13', 0, '', '2009 Fall', 3),
(2266, '2009-11-20', 0, '', '2009 Fall', 3),
(2267, '2009-11-27', 1, '', '2009 Fall', 3),
(2268, '2009-12-04', 0, '', '2009 Fall', 3),
(2269, '2009-12-11', 0, '', '2009 Fall', 3),
(2270, '2009-12-18', 0, '', '2009 Fall', 3),
(2271, '2009-12-25', 1, '', '2009 Fall', 3),
(2272, '2010-01-01', 1, '', '2009 Fall', 3),
(2273, '2010-01-08', 0, '', '2009 Fall', 3),
(2349, '2010-01-15', 1, '', '2010 Spring', 4),
(2350, '2010-01-22', 1, '', '2010 Spring', 4),
(2351, '2010-01-29', 0, '', '2010 Spring', 4),
(2352, '2010-02-05', 0, '', '2010 Spring', 4),
(2353, '2010-02-12', 1, '', '2010 Spring', 4),
(2354, '2010-02-19', 0, '', '2010 Spring', 4),
(2355, '2010-02-26', 0, '', '2010 Spring', 4),
(2356, '2010-03-05', 0, '', '2010 Spring', 4),
(2357, '2010-03-12', 0, '', '2010 Spring', 4),
(2358, '2010-03-19', 0, '', '2010 Spring', 4),
(2359, '2010-03-26', 0, '', '2010 Spring', 4),
(2360, '2010-04-02', 0, '', '2010 Spring', 4),
(2361, '2010-04-09', 0, '', '2010 Spring', 4),
(2362, '2010-04-16', 0, '', '2010 Spring', 4);

-- --------------------------------------------------------

--
-- Table structure for table `couples`
--

CREATE TABLE IF NOT EXISTS `couples` (
  `coupleid` int(8) NOT NULL auto_increment,
  `couplename` varchar(50) NOT NULL,
  `pa_id` int(8) NOT NULL,
  `pb_id` int(8) NOT NULL,
  `fulltime` tinyint(1) NOT NULL,
  `canschedule` tinyint(1) default NULL,
  `blockcouple` tinyint(1) default NULL,
  `season` varchar(12) NOT NULL default '2008 fall',
  PRIMARY KEY  (`coupleid`)
) ENGINE=InnoDB  DEFAULT CHARSET=latin1 AUTO_INCREMENT=161 ;

--
-- Dumping data for table `couples`
--

INSERT INTO `couples` (`coupleid`, `couplename`, `pa_id`, `pb_id`, `fulltime`, `canschedule`, `blockcouple`, `season`) VALUES
(65, 'Bloomers', 1, 2, 0, 1, 1, '2009 Fall'),
(66, 'Hendersons', 6, 5, 1, 1, 1, '2009 Fall'),
(67, 'Putnams', 7, 8, 0, 1, 1, '2009 Fall'),
(68, 'Millers', 10, 9, 0, 1, 1, '2009 Fall'),
(69, 'Rita & Rod', 13, 17, 0, 1, 1, '2009 Fall'),
(70, 'Holtzs', 15, 16, 0, 1, 1, '2009 Fall'),
(71, 'Grukes', 21, 22, 0, 1, 1, '2009 Fall'),
(72, 'Moorheads', 32, 33, 0, 1, 1, '2009 Fall'),
(73, 'Bettises', 38, 39, 0, 1, 1, '2009 Fall'),
(74, 'Pearces', 44, 45, 0, 1, 1, '2009 Fall'),
(75, 'Coffeys', 52, 53, 0, 1, 1, '2009 Fall'),
(76, 'Dave & Rochelle', 54, 55, 0, 1, 1, '2009 Fall'),
(77, 'Kirbys', 56, 57, 0, 1, 1, '2009 Fall'),
(78, 'Sharps', 58, 59, 0, 1, 1, '2009 Fall'),
(79, 'Raus', 34, 35, 0, 1, 1, '2009 Fall'),
(150, 'Sharps', 58, 59, 0, 1, 1, '2010 Spring'),
(151, 'Dave & Rochelle', 55, 54, 0, 1, 1, '2010 Spring'),
(152, 'Grunkes', 22, 21, 0, 1, 1, '2010 Spring'),
(153, 'Henderson', 5, 6, 1, 1, 1, '2010 Spring'),
(154, 'Kirbys', 56, 57, 0, 1, 1, '2010 Spring'),
(155, 'Pearce', 44, 45, 0, 1, 1, '2010 Spring'),
(156, 'Bloomers', 2, 1, 0, 1, 1, '2010 Spring'),
(157, 'Bettis', 38, 39, 0, 1, 1, '2010 Spring'),
(158, 'Millers', 9, 10, 0, 1, 1, '2010 Spring'),
(159, 'Rod & Rita', 13, 17, 0, 1, 1, '2010 Spring'),
(160, 'Putnams', 8, 7, 0, 1, 1, '2010 Spring');

-- --------------------------------------------------------

--
-- Table structure for table `players`
--

CREATE TABLE IF NOT EXISTS `players` (
  `PID` int(8) NOT NULL auto_increment,
  `firstname` varchar(40) NOT NULL,
  `lastname` varchar(60) NOT NULL,
  `gender` varchar(1) NOT NULL default 'm',
  `NTRP` float NOT NULL,
  `microNTRP` float NOT NULL,
  `email` varchar(50) NOT NULL,
  `home` varchar(14) NOT NULL,
  `cell` varchar(14) NOT NULL,
  `work` varchar(14) NOT NULL,
  PRIMARY KEY  (`PID`)
) ENGINE=InnoDB  DEFAULT CHARSET=latin1 AUTO_INCREMENT=74 ;

--
-- Dumping data for table `players`
--

INSERT INTO `players` (`PID`, `firstname`, `lastname`, `gender`, `NTRP`, `microNTRP`, `email`, `home`, `cell`, `work`) VALUES
(-2, 'Nobody', '', 'f', 0, 0, '', '', '', ''),
(-1, 'Nobody', '', 'm', 3.5, 3.75, '', '', '', ''),
(1, 'Linda', 'Bloomer', 'f', 4, 4, 'lmbloomer@cableone.net', '', '(208) 724-3267', ''),
(2, 'Jonathan', 'Bloomer', 'm', 4, 4.1, 'jtbloomer@cableone.net', '(208) 378-7418', '', ''),
(3, 'Lisa', 'Dekerchove', 'f', 3.5, 3.6, 'dldekerchove@gmail.com', '(208) 853-2878', '', ''),
(4, 'Doug', 'Dekerchove', 'm', 4, 4.1, 'Dougd@pioneertitleco.com', '', '', ''),
(5, 'Ed', 'Henderson', 'm', 3.5, 3.8, 'edhenderseon@cableone.net', '', '(208) 861-5756', '(208) 489-9380'),
(6, 'Vicki', 'Henderson', 'f', 4, 4, 'viquee@cableone.net', '', '(208) 861-5816', ''),
(7, 'Sheryl', 'Putnam', 'f', 3.5, 3.9, 'Sherylp@IHFA.org', '', '', ''),
(8, 'Jake', 'Putnam', 'm', 4, 4.2, 'mjakeputnam@att.net', '', '', ''),
(9, 'Gary', 'Miller', 'm', 4, 4, 'gary.d.miller@hp.com', '', '', ''),
(10, 'Darlene', 'Miller', 'f', 4, 4.05, 'darlene.miller@hp.com', '(208) 724-4474', '', ''),
(11, 'Gayle', 'Stauffer', 'f', 3.5, 3.4, 'stauffers4@cableone.net', '(208) 939-4380', '', ''),
(12, 'Randy', 'Stauffer', 'm', 4, 4.3, '', '', '', ''),
(13, 'Rod', 'Kimerling', 'm', 4, 4.2, 'rodnkime@yahoo.com', '', '', ''),
(14, 'Christa', 'Patton', 'f', 3.5, 3.9, 'Christa@HomesWithChrista.com', '', '(208) 859-8621', ''),
(15, 'Colleen', 'Holtz', 'f', 3.5, 3.4, 'dynamo10_2000@yahoo.com', '', '(208) 869-7319', ''),
(16, 'Kenny', 'Holtz', 'm', 4, 3.8, 'kholtz@quality-comm.net', '', '', ''),
(17, 'Rita', 'Caven', 'f', 3.5, 3.9, 'ritacaven@msn.com', '(208) 938-0734', '(208) 484-2468', ''),
(18, 'Steve', 'Caven', 'm', 4, 4.25, 'slcaven@msn.com', '(208) 938-0734', '(208) 283-7918', ''),
(19, 'Tracey', 'Idoeta', 'f', 3.5, 3.7, 'idoeta@aol.com', '(208) 362-3481', '', ''),
(20, 'Javier', 'Idoeta', 'm', 5, 5, '', '', '', ''),
(21, 'Jenny', 'Grunke', 'f', 4, 4.2, 'jcrlaw2000@yahoo.com', '(208) 672-9254', '', ''),
(22, 'James', 'Grunke', 'm', 3.5, 3.65, 'jwgrunke@hotmail.com', '', '', ''),
(23, 'Jean', 'Russel', 'f', 3.5, 3.85, '', '', '', ''),
(24, 'Mike', 'Merlot', 'm', 3.5, 3.8, '', '', '', ''),
(25, 'Ken', 'Holtz', 'm', 3.5, 3.5, '', '', '', ''),
(26, 'Rosel', 'Holtz', 'f', 3.5, 3.5, '', '', '', ''),
(27, 'Jeff', 'Morrell', 'm', 4, 4.4, 'MELMCBANDT@aol.com', '208 327-0815', '208 284-5240', ''),
(28, 'Kathne', 'Morrell', 'f', 4, 3.9, 'kathne@aol.com', '208 327-0815', '208 371-0325', '208 381-2490'),
(29, 'Nancy', 'Edward-Wong', 'f', 3, 3.49, '', '', '', ''),
(30, 'Gabby', 'Braun-Maude', 'f', 4, 4.1, '', '', '', ''),
(32, 'Russ', 'Moorhead', 'm', 4, 4.2, 'rmoorhead@lcarch.com', '208 376-7038', '208 820-4116', ''),
(33, 'Maryann', 'Moorhead', 'f', 4, 4.1, 'mmoorhead@boisetennis.com', '208 376-7038', '208 850-2901', ''),
(34, 'Josh', 'Rau', 'm', 4, 4, 'josh@7upboise.com', '208 442-8419', '', ''),
(35, 'Shiela', 'Rau', 'f', 3.5, 3.6, 'sheilarau@aol.com', '208 442-8419', '', ''),
(36, 'Kenny', 'Wong', 'm', 4.5, 4.6, 'sludawg@yahoo.com', '', '208-794-8557', ''),
(37, 'Carrie', 'Cornils', 'f', 3.5, 3.4, 'carrie_cornils@hotmail.com', '', '', ''),
(38, 'Dave', 'Bettis', 'm', 3.5, 3.6, 'davebettis@cableone.net', '', '', ''),
(39, 'Lisa', 'Bettis', 'f', 3.5, 3.4, '', '', '', ''),
(40, 'Heather', 'Kolnes', 'f', 3.5, 3.8, 'hkolnes@msn.com', '', '', ''),
(41, 'Katie', 'Stauffer', 'f', 3.5, 3.5, '', '', '', ''),
(42, 'Sue', 'Webster', 'f', 3.5, 3.5, '', '', '', ''),
(43, 'Thad', 'Webster', 'm', 3.5, 3.5, '', '', '', ''),
(44, 'John', 'Pearce', 'm', 4.5, 4.5, 'drjpearce@aol.com', '208 855-2369', '', ''),
(45, 'Corie', 'Pearce', 'f', 4, 4.15, 'pearceelc@aol.com', '208 855-2369', '208 283-0065', ''),
(46, 'Colby', '', 'm', 4, 4.45, '', '', '', ''),
(48, 'Susan', 'Schosshberger', 'f', 4, 4, '', '', '', ''),
(49, 'Dave', 'Surbeck', 'm', 4, 4.2, '', '', '', ''),
(50, 'Terry', 'Rich', 'm', 4, 4.1, '', '', '', ''),
(51, 'Shelly', 'Lane', 'f', 4, 4.2, '', '', '', ''),
(52, 'Tammy', 'Sevieri-Coffey', 'f', 4, 4.2, 'coffeyenterprises@clearwire.net', '327-8822', '761-9550', ''),
(53, 'Ken', 'Coffey', 'm', 4.5, 4.6, 'kencoffey@clearwire.com', '327-8822', '', '703-1868'),
(54, 'Rochelle', 'Cummins', 'f', 4, 3.9, 'R2Kirk2@msn.com', '', '', ''),
(55, 'Dave', 'Massee', 'm', 3.5, 3.8, 'massfit@boisetennis.com', '', '', ''),
(56, 'Mike', 'Kirby', 'm', 4.5, 4.6, 'michael.kirby@wellsfargo.com', '', '', ''),
(57, 'Lori', 'Kirby', 'f', 3, 3.1, '', '', '', ''),
(58, 'Bill', 'Sharp', 'm', 4, 4, 'billsharp@boisebuilding.com', '323-2759', '484-0456', ''),
(59, 'Gina', 'Sharp', 'f', 4.5, 4.5, 'gina.sharp@hp.com', '323-2759', '859-5316', ''),
(60, 'Pratap', 'Murali', 'm', 4, 4, 'pratap.murali@gmail.com', '', '', ''),
(61, 'Marcia', 'McChristal', 'f', 4, 4.1, '', '', '', ''),
(62, 'Tyler', 'Holtz', 'm', 3.5, 3.6, '', '', '', ''),
(63, 'Tyler', 'Holtz', 'f', 3.5, 3.7, '', '', '', ''),
(64, 'Michelle', 'Phillips', 'f', 4.5, 4.5, '', '', '', ''),
(65, 'Mark', 'Phillips', 'm', 4, 4.15, '', '', '', ''),
(66, 'Avi', 'Basu', 'm', 4, 4.15, '', '', '', ''),
(67, 'Geri', 'Hyatt', 'f', 4, 4.05, '', '', '', ''),
(68, 'Mike', 'Buckingham', 'm', 4.5, 4.6, '', '', '', ''),
(69, 'Donna', 'Buckingham', 'f', 4.5, 4.2, '', '', '', ''),
(70, 'Nan', 'Jacobsen', 'f', 4, 4.2, '', '', '', ''),
(71, 'Mark', 'Jacobsen', 'm', 4, 4.2, '', '', '', ''),
(72, 'Heather', 'Paddock', 'f', 4, 4, '', '', '', ''),
(73, 'Mark', 'Smith', 'm', 4, 4.4, '', '', '', '');

-- --------------------------------------------------------

--
-- Table structure for table `player_availability`
--

CREATE TABLE IF NOT EXISTS `player_availability` (
  `pid` int(8) default NULL,
  `firstname` varchar(40) default NULL,
  `lastname` varchar(60) default NULL,
  `date` date default NULL,
  `unavailable` tinyint(1) default NULL
) ENGINE=MyISAM DEFAULT CHARSET=latin1;

--
-- Dumping data for table `player_availability`
--


-- --------------------------------------------------------

--
-- Table structure for table `player_unavailable`
--

CREATE TABLE IF NOT EXISTS `player_unavailable` (
  `pid` int(8) default NULL,
  `firstname` varchar(40) default NULL,
  `lastname` varchar(60) default NULL,
  `date` date default NULL
) ENGINE=MyISAM DEFAULT CHARSET=latin1;

--
-- Dumping data for table `player_unavailable`
--


-- --------------------------------------------------------

--
-- Table structure for table `schedule`
--

CREATE TABLE IF NOT EXISTS `schedule` (
  `schedid` int(16) NOT NULL auto_increment,
  `matchid` int(8) NOT NULL,
  `pid` int(8) NOT NULL,
  `sub` tinyint(1) NOT NULL default '0',
  `season` varchar(12) NOT NULL default '2008 fall',
  PRIMARY KEY  (`schedid`),
  UNIQUE KEY `match_players` (`schedid`,`matchid`,`pid`)
) ENGINE=InnoDB  DEFAULT CHARSET=latin1 AUTO_INCREMENT=7068 ;

--
-- Dumping data for table `schedule`
--

INSERT INTO `schedule` (`schedid`, `matchid`, `pid`, `sub`, `season`) VALUES
(5932, 2261, 6, 0, '2009 Fall'),
(5933, 2261, 5, 0, '2009 Fall'),
(5934, 2261, 34, 0, '2009 Fall'),
(5935, 2261, 35, 0, '2009 Fall'),
(5936, 2261, 44, 0, '2009 Fall'),
(5937, 2261, 45, 0, '2009 Fall'),
(5938, 2261, 54, 0, '2009 Fall'),
(5939, 2261, 55, 0, '2009 Fall'),
(5940, 2261, 32, 0, '2009 Fall'),
(5941, 2261, 33, 0, '2009 Fall'),
(5942, 2261, 61, 0, '2009 Fall'),
(5943, 2261, 13, 0, '2009 Fall'),
(5944, 2261, 21, 0, '2009 Fall'),
(5945, 2261, 22, 0, '2009 Fall'),
(5946, 2261, 10, 0, '2009 Fall'),
(5947, 2261, 9, 0, '2009 Fall'),
(5948, 2260, 6, 0, '2009 Fall'),
(5949, 2260, 5, 0, '2009 Fall'),
(5950, 2260, 52, 0, '2009 Fall'),
(5951, 2260, 53, 0, '2009 Fall'),
(5952, 2260, 34, 0, '2009 Fall'),
(5953, 2260, 35, 0, '2009 Fall'),
(5954, 2260, 13, 0, '2009 Fall'),
(5955, 2260, 17, 0, '2009 Fall'),
(5956, 2260, 1, 0, '2009 Fall'),
(5957, 2260, 2, 0, '2009 Fall'),
(5958, 2260, 7, 0, '2009 Fall'),
(5959, 2260, 8, 0, '2009 Fall'),
(5960, 2260, 44, 0, '2009 Fall'),
(5961, 2260, 45, 0, '2009 Fall'),
(5962, 2260, 56, 0, '2009 Fall'),
(5963, 2260, 57, 0, '2009 Fall'),
(6108, 2262, 6, 0, '2009 Fall'),
(6109, 2262, 5, 0, '2009 Fall'),
(6110, 2262, 62, 0, '2009 Fall'),
(6111, 2262, 39, 0, '2009 Fall'),
(6112, 2262, 7, 0, '2009 Fall'),
(6113, 2262, 8, 0, '2009 Fall'),
(6114, 2262, 52, 0, '2009 Fall'),
(6115, 2262, 53, 0, '2009 Fall'),
(6116, 2262, 32, 0, '2009 Fall'),
(6117, 2262, 33, 0, '2009 Fall'),
(6118, 2262, 23, 0, '2009 Fall'),
(6119, 2262, 16, 0, '2009 Fall'),
(6120, 2262, 1, 0, '2009 Fall'),
(6121, 2262, 2, 0, '2009 Fall'),
(6122, 2262, 56, 0, '2009 Fall'),
(6123, 2262, 57, 0, '2009 Fall'),
(6124, 2263, 6, 0, '2009 Fall'),
(6125, 2263, 5, 0, '2009 Fall'),
(6126, 2263, 54, 0, '2009 Fall'),
(6127, 2263, 55, 0, '2009 Fall'),
(6128, 2263, 10, 0, '2009 Fall'),
(6129, 2263, 9, 0, '2009 Fall'),
(6130, 2263, 38, 0, '2009 Fall'),
(6131, 2263, 39, 0, '2009 Fall'),
(6132, 2263, 63, 0, '2009 Fall'),
(6133, 2263, 16, 0, '2009 Fall'),
(6134, 2263, 13, 0, '2009 Fall'),
(6135, 2263, 17, 0, '2009 Fall'),
(6136, 2263, 8, 0, '2009 Fall'),
(6137, 2263, 7, 0, '2009 Fall'),
(6138, 2263, 44, 0, '2009 Fall'),
(6139, 2263, 45, 0, '2009 Fall'),
(6140, 2264, 6, 0, '2009 Fall'),
(6141, 2264, 5, 0, '2009 Fall'),
(6142, 2264, 21, 0, '2009 Fall'),
(6143, 2264, 22, 0, '2009 Fall'),
(6144, 2264, 38, 0, '2009 Fall'),
(6145, 2264, 39, 0, '2009 Fall'),
(6146, 2264, 17, 0, '2009 Fall'),
(6147, 2264, 13, 0, '2009 Fall'),
(6148, 2264, 64, 0, '2009 Fall'),
(6149, 2264, 65, 0, '2009 Fall'),
(6150, 2264, 66, 0, '2009 Fall'),
(6151, 2264, 67, 0, '2009 Fall'),
(6152, 2264, 32, 0, '2009 Fall'),
(6153, 2264, 33, 0, '2009 Fall'),
(6154, 2264, 52, 0, '2009 Fall'),
(6155, 2264, 53, 0, '2009 Fall'),
(6332, 2265, 6, 0, '2009 Fall'),
(6333, 2265, 5, 0, '2009 Fall'),
(6334, 2265, 58, 0, '2009 Fall'),
(6335, 2265, 59, 0, '2009 Fall'),
(6336, 2265, 54, 0, '2009 Fall'),
(6337, 2265, 55, 0, '2009 Fall'),
(6338, 2265, 21, 0, '2009 Fall'),
(6339, 2265, 22, 0, '2009 Fall'),
(6340, 2265, 38, 0, '2009 Fall'),
(6341, 2265, 39, 0, '2009 Fall'),
(6342, 2265, 13, 0, '2009 Fall'),
(6343, 2265, 35, 0, '2009 Fall'),
(6344, 2265, 32, 0, '2009 Fall'),
(6345, 2265, 33, 0, '2009 Fall'),
(6346, 2265, 45, 0, '2009 Fall'),
(6347, 2265, 44, 0, '2009 Fall'),
(6348, 2266, 6, 0, '2009 Fall'),
(6349, 2266, 5, 0, '2009 Fall'),
(6350, 2266, 63, 0, '2009 Fall'),
(6351, 2266, 16, 0, '2009 Fall'),
(6352, 2266, 58, 0, '2009 Fall'),
(6353, 2266, 59, 0, '2009 Fall'),
(6354, 2266, 64, 0, '2009 Fall'),
(6355, 2266, 65, 0, '2009 Fall'),
(6356, 2266, 56, 0, '2009 Fall'),
(6357, 2266, 57, 0, '2009 Fall'),
(6358, 2266, 17, 0, '2009 Fall'),
(6359, 2266, 13, 0, '2009 Fall'),
(6360, 2266, 52, 0, '2009 Fall'),
(6361, 2266, 53, 0, '2009 Fall'),
(6362, 2266, 21, 0, '2009 Fall'),
(6363, 2266, 22, 0, '2009 Fall'),
(6380, 2269, 6, 0, '2009 Fall'),
(6381, 2269, 5, 0, '2009 Fall'),
(6382, 2269, 21, 0, '2009 Fall'),
(6383, 2269, 22, 0, '2009 Fall'),
(6384, 2269, 63, 0, '2009 Fall'),
(6385, 2269, 16, 0, '2009 Fall'),
(6386, 2269, 38, 0, '2009 Fall'),
(6387, 2269, 39, 0, '2009 Fall'),
(6388, 2269, 58, 0, '2009 Fall'),
(6389, 2269, 59, 0, '2009 Fall'),
(6390, 2269, 54, 0, '2009 Fall'),
(6391, 2269, 55, 0, '2009 Fall'),
(6392, 2269, 1, 0, '2009 Fall'),
(6393, 2269, 2, 0, '2009 Fall'),
(6394, 2269, 34, 0, '2009 Fall'),
(6395, 2269, 35, 0, '2009 Fall'),
(6396, 2268, 6, 0, '2009 Fall'),
(6397, 2268, 5, 0, '2009 Fall'),
(6398, 2268, 13, 0, '2009 Fall'),
(6399, 2268, 17, 0, '2009 Fall'),
(6400, 2268, 1, 0, '2009 Fall'),
(6401, 2268, 2, 0, '2009 Fall'),
(6402, 2268, 7, 0, '2009 Fall'),
(6403, 2268, 8, 0, '2009 Fall'),
(6404, 2268, 32, 0, '2009 Fall'),
(6405, 2268, 33, 0, '2009 Fall'),
(6406, 2268, 68, 0, '2009 Fall'),
(6407, 2268, 69, 0, '2009 Fall'),
(6408, 2268, 22, 0, '2009 Fall'),
(6409, 2268, 21, 0, '2009 Fall'),
(6410, 2268, 52, 0, '2009 Fall'),
(6411, 2268, 60, 0, '2009 Fall'),
(6732, 2270, 33, 0, '2009 Fall'),
(6733, 2270, 32, 0, '2009 Fall'),
(6734, 2270, 56, 0, '2009 Fall'),
(6735, 2270, 57, 0, '2009 Fall'),
(6736, 2270, 58, 0, '2009 Fall'),
(6737, 2270, 59, 0, '2009 Fall'),
(6738, 2270, 34, 0, '2009 Fall'),
(6739, 2270, 35, 0, '2009 Fall'),
(6740, 2270, 1, 0, '2009 Fall'),
(6741, 2270, 2, 0, '2009 Fall'),
(6742, 2270, 17, 0, '2009 Fall'),
(6743, 2270, 13, 0, '2009 Fall'),
(6744, 2270, 52, 0, '2009 Fall'),
(6745, 2270, 53, 0, '2009 Fall'),
(6746, 2270, 44, 0, '2009 Fall'),
(6747, 2270, 45, 0, '2009 Fall'),
(6764, 2273, 6, 0, '2009 Fall'),
(6765, 2273, 5, 0, '2009 Fall'),
(6766, 2273, 45, 0, '2009 Fall'),
(6767, 2273, 44, 0, '2009 Fall'),
(6768, 2273, 10, 0, '2009 Fall'),
(6769, 2273, 9, 0, '2009 Fall'),
(6770, 2273, 7, 0, '2009 Fall'),
(6771, 2273, 8, 0, '2009 Fall'),
(6772, 2273, 56, 0, '2009 Fall'),
(6773, 2273, 57, 0, '2009 Fall'),
(6774, 2273, 32, 0, '2009 Fall'),
(6775, 2273, 33, 0, '2009 Fall'),
(6776, 2273, 52, 0, '2009 Fall'),
(6777, 2273, 53, 0, '2009 Fall'),
(6778, 2273, 2, 0, '2009 Fall'),
(6779, 2273, 1, 0, '2009 Fall'),
(6792, 2351, 5, 0, '2010 Spring'),
(6793, 2351, 6, 0, '2010 Spring'),
(6794, 2351, 9, 0, '2010 Spring'),
(6795, 2351, 10, 0, '2010 Spring'),
(6796, 2351, 2, 0, '2010 Spring'),
(6797, 2351, 1, 0, '2010 Spring'),
(6798, 2351, 32, 0, '2010 Spring'),
(6799, 2351, 33, 0, '2010 Spring'),
(6800, 2351, 13, 0, '2010 Spring'),
(6801, 2351, 17, 0, '2010 Spring'),
(6802, 2351, 56, 0, '2010 Spring'),
(6803, 2351, 57, 0, '2010 Spring'),
(6804, 2352, 5, 0, '2010 Spring'),
(6805, 2352, 6, 0, '2010 Spring'),
(6806, 2352, 38, 0, '2010 Spring'),
(6807, 2352, 39, 0, '2010 Spring'),
(6808, 2352, 9, 0, '2010 Spring'),
(6809, 2352, 10, 0, '2010 Spring'),
(6810, 2352, 22, 0, '2010 Spring'),
(6811, 2352, 21, 0, '2010 Spring'),
(6812, 2352, 8, 0, '2010 Spring'),
(6813, 2352, 7, 0, '2010 Spring'),
(6814, 2352, 55, 0, '2010 Spring'),
(6815, 2352, 54, 0, '2010 Spring'),
(6828, 2354, 5, 0, '2010 Spring'),
(6829, 2354, 6, 0, '2010 Spring'),
(6830, 2354, 44, 0, '2010 Spring'),
(6831, 2354, 45, 0, '2010 Spring'),
(6832, 2354, 58, 0, '2010 Spring'),
(6833, 2354, 59, 0, '2010 Spring'),
(6834, 2354, 38, 0, '2010 Spring'),
(6835, 2354, 39, 0, '2010 Spring'),
(6836, 2354, 8, 0, '2010 Spring'),
(6837, 2354, 7, 0, '2010 Spring'),
(6838, 2354, 55, 0, '2010 Spring'),
(6839, 2354, 54, 0, '2010 Spring'),
(6840, 2355, 5, 0, '2010 Spring'),
(6841, 2355, 6, 0, '2010 Spring'),
(6842, 2355, 8, 0, '2010 Spring'),
(6843, 2355, 67, 0, '2010 Spring'),
(6844, 2355, 22, 0, '2010 Spring'),
(6845, 2355, 21, 0, '2010 Spring'),
(6846, 2355, 58, 0, '2010 Spring'),
(6847, 2355, 59, 0, '2010 Spring'),
(6848, 2355, 13, 0, '2010 Spring'),
(6849, 2355, 17, 0, '2010 Spring'),
(6850, 2355, 9, 0, '2010 Spring'),
(6851, 2355, 10, 0, '2010 Spring'),
(6852, 2356, 5, 0, '2010 Spring'),
(6853, 2356, 6, 0, '2010 Spring'),
(6854, 2356, 2, 0, '2010 Spring'),
(6855, 2356, 1, 0, '2010 Spring'),
(6856, 2356, 56, 0, '2010 Spring'),
(6857, 2356, 7, 0, '2010 Spring'),
(6858, 2356, 44, 0, '2010 Spring'),
(6859, 2356, 45, 0, '2010 Spring'),
(6860, 2356, 13, 0, '2010 Spring'),
(6861, 2356, 17, 0, '2010 Spring'),
(6862, 2356, 55, 0, '2010 Spring'),
(6863, 2356, 54, 0, '2010 Spring'),
(6864, 2357, 5, 0, '2010 Spring'),
(6865, 2357, 6, 0, '2010 Spring'),
(6866, 2357, 44, 0, '2010 Spring'),
(6867, 2357, 45, 0, '2010 Spring'),
(6868, 2357, 58, 0, '2010 Spring'),
(6869, 2357, 59, 0, '2010 Spring'),
(6870, 2357, 2, 0, '2010 Spring'),
(6871, 2357, 1, 0, '2010 Spring'),
(6872, 2357, 22, 0, '2010 Spring'),
(6873, 2357, 21, 0, '2010 Spring'),
(6874, 2357, 9, 0, '2010 Spring'),
(6875, 2357, 10, 0, '2010 Spring'),
(6876, 2358, 5, 0, '2010 Spring'),
(6877, 2358, 6, 0, '2010 Spring'),
(6878, 2358, 56, 0, '2010 Spring'),
(6879, 2358, 57, 0, '2010 Spring'),
(6880, 2358, 2, 0, '2010 Spring'),
(6881, 2358, 1, 0, '2010 Spring'),
(6882, 2358, 55, 0, '2010 Spring'),
(6883, 2358, 54, 0, '2010 Spring'),
(6884, 2358, 8, 0, '2010 Spring'),
(6885, 2358, 7, 0, '2010 Spring'),
(6886, 2358, 9, 0, '2010 Spring'),
(6887, 2358, 17, 0, '2010 Spring'),
(6900, 2359, 55, 0, '2010 Spring'),
(6901, 2359, 6, 0, '2010 Spring'),
(6902, 2359, 38, 0, '2010 Spring'),
(6903, 2359, 39, 0, '2010 Spring'),
(6904, 2359, 22, 0, '2010 Spring'),
(6905, 2359, 21, 0, '2010 Spring'),
(6906, 2359, 56, 0, '2010 Spring'),
(6907, 2359, 57, 0, '2010 Spring'),
(6908, 2359, 9, 0, '2010 Spring'),
(6909, 2359, 54, 0, '2010 Spring'),
(6910, 2359, 13, 0, '2010 Spring'),
(6911, 2359, 17, 0, '2010 Spring'),
(7032, 2360, 71, 0, '2010 Spring'),
(7033, 2360, 70, 0, '2010 Spring'),
(7034, 2360, 58, 0, '2010 Spring'),
(7035, 2360, 59, 0, '2010 Spring'),
(7036, 2360, 44, 0, '2010 Spring'),
(7037, 2360, 45, 0, '2010 Spring'),
(7038, 2360, 56, 0, '2010 Spring'),
(7039, 2360, 57, 0, '2010 Spring'),
(7040, 2360, 22, 0, '2010 Spring'),
(7041, 2360, 21, 0, '2010 Spring'),
(7042, 2360, 2, 0, '2010 Spring'),
(7043, 2360, 1, 0, '2010 Spring'),
(7044, 2361, 5, 0, '2010 Spring'),
(7045, 2361, 6, 0, '2010 Spring'),
(7046, 2361, 73, 0, '2010 Spring'),
(7047, 2361, 72, 0, '2010 Spring'),
(7048, 2361, 2, 0, '2010 Spring'),
(7049, 2361, 1, 0, '2010 Spring'),
(7050, 2361, 8, 0, '2010 Spring'),
(7051, 2361, 48, 0, '2010 Spring'),
(7052, 2361, 44, 0, '2010 Spring'),
(7053, 2361, 45, 0, '2010 Spring'),
(7054, 2361, 13, 0, '2010 Spring'),
(7055, 2361, 17, 0, '2010 Spring'),
(7056, 2362, 13, 0, '2010 Spring'),
(7057, 2362, 6, 0, '2010 Spring'),
(7058, 2362, 58, 0, '2010 Spring'),
(7059, 2362, 45, 0, '2010 Spring'),
(7060, 2362, 38, 0, '2010 Spring'),
(7061, 2362, 39, 0, '2010 Spring'),
(7062, 2362, 8, 0, '2010 Spring'),
(7063, 2362, 7, 0, '2010 Spring'),
(7064, 2362, 56, 0, '2010 Spring'),
(7065, 2362, 57, 0, '2010 Spring'),
(7066, 2362, 9, 0, '2010 Spring'),
(7067, 2362, 10, 0, '2010 Spring');

-- --------------------------------------------------------

--
-- Table structure for table `seasons`
--

CREATE TABLE IF NOT EXISTS `seasons` (
  `sid` int(11) NOT NULL auto_increment,
  `season` varchar(20) NOT NULL,
  `courts` int(11) NOT NULL,
  `firstcourt` int(11) NOT NULL,
  PRIMARY KEY  (`sid`)
) ENGINE=MyISAM  DEFAULT CHARSET=latin1 AUTO_INCREMENT=6 ;

--
-- Dumping data for table `seasons`
--

INSERT INTO `seasons` (`sid`, `season`, `courts`, `firstcourt`) VALUES
(1, '2008 fall', 3, 1),
(2, '2009 spring', 4, 9),
(3, '2009 Fall', 4, 9),
(4, '2010 Spring', 3, 1),
(5, '2011 Spring', 3, 1);

-- --------------------------------------------------------

--
-- Table structure for table `season_players`
--

CREATE TABLE IF NOT EXISTS `season_players` (
  `pid` int(8) NOT NULL,
  `season` varchar(12) NOT NULL,
  `blockmember` tinyint(1) NOT NULL,
  `sid` smallint(11) NOT NULL
) ENGINE=MyISAM DEFAULT CHARSET=latin1;

--
-- Dumping data for table `season_players`
--

INSERT INTO `season_players` (`pid`, `season`, `blockmember`, `sid`) VALUES
(59, '2009 Fall', 1, 3),
(58, '2009 Fall', 1, 3),
(57, '2009 Fall', 1, 3),
(56, '2009 Fall', 1, 3),
(55, '2009 Fall', 1, 3),
(54, '2009 Fall', 1, 3),
(45, '2009 Fall', 1, 3),
(44, '2009 Fall', 1, 3),
(35, '2009 Fall', 1, 3),
(34, '2009 Fall', 1, 3),
(33, '2009 Fall', 1, 3),
(32, '2009 Fall', 1, 3),
(22, '2009 Fall', 1, 3),
(21, '2009 Fall', 1, 3),
(17, '2009 Fall', 1, 3),
(13, '2009 Fall', 1, 3),
(10, '2009 Fall', 1, 3),
(9, '2009 Fall', 1, 3),
(8, '2009 Fall', 1, 3),
(7, '2009 Fall', 1, 3),
(6, '2009 Fall', 1, 3),
(5, '2009 Fall', 1, 3),
(2, '2009 Fall', 1, 3),
(1, '2009 Fall', 1, 3),
(15, '2009 Fall', 1, 3),
(16, '2009 Fall', 1, 3),
(38, '2009 Fall', 1, 3),
(39, '2009 Fall', 1, 3),
(52, '2009 Fall', 1, 3),
(53, '2009 Fall', 1, 3),
(60, '2009 Fall', 0, 3),
(61, '2009 Fall', 0, 3),
(23, '2009 Fall', 0, 3),
(62, '2009 Fall', 0, 3),
(63, '2009 Fall', 0, 3),
(64, '2009 Fall', 0, 3),
(65, '2009 Fall', 0, 3),
(66, '2009 Fall', 0, 3),
(67, '2009 Fall', 0, 3),
(68, '2009 Fall', 0, 3),
(69, '2009 Fall', 0, 3),
(7, '2010 Spring', 1, 4),
(8, '2010 Spring', 1, 4),
(17, '2010 Spring', 1, 4),
(13, '2010 Spring', 1, 4),
(10, '2010 Spring', 1, 4),
(9, '2010 Spring', 1, 4),
(39, '2010 Spring', 1, 4),
(38, '2010 Spring', 1, 4),
(1, '2010 Spring', 1, 4),
(2, '2010 Spring', 1, 4),
(45, '2010 Spring', 1, 4),
(44, '2010 Spring', 1, 4),
(57, '2010 Spring', 1, 4),
(56, '2010 Spring', 1, 4),
(6, '2010 Spring', 1, 4),
(5, '2010 Spring', 1, 4),
(21, '2010 Spring', 1, 4),
(22, '2010 Spring', 1, 4),
(54, '2010 Spring', 1, 4),
(55, '2010 Spring', 1, 4),
(59, '2010 Spring', 1, 4),
(58, '2010 Spring', 1, 4),
(32, '2010 Spring', 0, 4),
(33, '2010 Spring', 0, 4),
(70, '2010 Spring', 0, 4),
(67, '2010 Spring', 0, 4),
(71, '2010 Spring', 0, 4),
(48, '2010 Spring', 0, 4),
(72, '2010 Spring', 0, 4),
(73, '2010 Spring', 0, 4);

-- --------------------------------------------------------

--
-- Table structure for table `slots`
--

CREATE TABLE IF NOT EXISTS `slots` (
  `SLOTID` int(16) NOT NULL auto_increment,
  `matchid` int(8) NOT NULL,
  `setnum` int(8) NOT NULL,
  `court` varchar(12) NOT NULL,
  `pid` int(16) NOT NULL,
  `position` varchar(12) NOT NULL,
  `combokey` varchar(15) NOT NULL,
  PRIMARY KEY  (`SLOTID`),
  UNIQUE KEY `slotindex` (`matchid`,`setnum`,`court`,`pid`),
  KEY `combokey` (`combokey`)
) ENGINE=InnoDB  DEFAULT CHARSET=latin1 AUTO_INCREMENT=10585 ;

--
-- Dumping data for table `slots`
--

INSERT INTO `slots` (`SLOTID`, `matchid`, `setnum`, `court`, `pid`, `position`, `combokey`) VALUES
(1525, 2078, 1, '1', 36, 'tapa', ''),
(1526, 2078, 1, '1', 37, 'tapb', ''),
(1527, 2078, 1, '1', 43, 'tbpa', ''),
(1528, 2078, 1, '1', 40, 'tbpb', ''),
(1529, 2078, 1, '2', 2, 'tapa', ''),
(1530, 2078, 1, '2', 17, 'tapb', ''),
(1531, 2078, 1, '2', 34, 'tbpa', ''),
(1532, 2078, 1, '2', 35, 'tbpb', ''),
(1533, 2078, 1, '3', 38, 'tapa', ''),
(1534, 2078, 1, '3', 42, 'tapb', ''),
(1535, 2078, 1, '3', 13, 'tbpa', ''),
(1536, 2078, 1, '3', 1, 'tbpb', ''),
(1537, 2078, 1, '4', 18, 'tapa', ''),
(1538, 2078, 1, '4', 6, 'tapb', ''),
(1539, 2078, 1, '4', 27, 'tbpa', ''),
(1540, 2078, 1, '4', 39, 'tbpb', ''),
(1541, 2078, 2, '1', 43, 'tapa', ''),
(1542, 2078, 2, '1', 37, 'tapb', ''),
(1543, 2078, 2, '1', 36, 'tbpa', ''),
(1544, 2078, 2, '1', 17, 'tbpb', ''),
(1545, 2078, 2, '2', 34, 'tapa', ''),
(1546, 2078, 2, '2', 6, 'tapb', ''),
(1547, 2078, 2, '2', 27, 'tbpa', ''),
(1548, 2078, 2, '2', 1, 'tbpb', ''),
(1549, 2078, 2, '3', 18, 'tapa', ''),
(1550, 2078, 2, '3', 42, 'tapb', ''),
(1551, 2078, 2, '3', 13, 'tbpa', ''),
(1552, 2078, 2, '3', 40, 'tbpb', ''),
(1553, 2078, 2, '4', 2, 'tapa', ''),
(1554, 2078, 2, '4', 39, 'tapb', ''),
(1555, 2078, 2, '4', 38, 'tbpa', ''),
(1556, 2078, 2, '4', 35, 'tbpb', ''),
(1557, 2078, 3, '1', 34, 'tapa', ''),
(1558, 2078, 3, '1', 1, 'tapb', ''),
(1559, 2078, 3, '1', 2, 'tbpa', ''),
(1560, 2078, 3, '1', 40, 'tbpb', ''),
(1561, 2078, 3, '2', 18, 'tapa', ''),
(1562, 2078, 3, '2', 37, 'tapb', ''),
(1563, 2078, 3, '2', 36, 'tbpa', ''),
(1564, 2078, 3, '2', 6, 'tbpb', ''),
(1565, 2078, 3, '3', 43, 'tapa', ''),
(1566, 2078, 3, '3', 35, 'tapb', ''),
(1567, 2078, 3, '3', 13, 'tbpa', ''),
(1568, 2078, 3, '3', 42, 'tbpb', ''),
(1569, 2078, 3, '4', 27, 'tapa', ''),
(1570, 2078, 3, '4', 17, 'tapb', ''),
(1571, 2078, 3, '4', 38, 'tbpa', ''),
(1572, 2078, 3, '4', 39, 'tbpb', ''),
(3301, 2079, 1, '1', 22, 'tapa', ''),
(3302, 2079, 1, '1', 14, 'tapb', ''),
(3303, 2079, 1, '1', 36, 'tbpa', ''),
(3304, 2079, 1, '1', 11, 'tbpb', ''),
(3305, 2079, 1, '2', 16, 'tapa', ''),
(3306, 2079, 1, '2', 6, 'tapb', ''),
(3307, 2079, 1, '2', 32, 'tbpa', ''),
(3308, 2079, 1, '2', 37, 'tbpb', ''),
(3309, 2079, 1, '3', 12, 'tapa', ''),
(3310, 2079, 1, '3', 17, 'tapb', ''),
(3311, 2079, 1, '3', 18, 'tbpa', ''),
(3312, 2079, 1, '3', 7, 'tbpb', ''),
(3313, 2079, 1, '4', 13, 'tapa', ''),
(3314, 2079, 1, '4', 33, 'tapb', ''),
(3315, 2079, 1, '4', 8, 'tbpa', ''),
(3316, 2079, 1, '4', 15, 'tbpb', ''),
(3317, 2079, 2, '1', 8, 'tapa', ''),
(3318, 2079, 2, '1', 37, 'tapb', ''),
(3319, 2079, 2, '1', 16, 'tbpa', ''),
(3320, 2079, 2, '1', 7, 'tbpb', ''),
(3321, 2079, 2, '2', 13, 'tapa', ''),
(3322, 2079, 2, '2', 17, 'tapb', ''),
(3323, 2079, 2, '2', 18, 'tbpa', ''),
(3324, 2079, 2, '2', 6, 'tbpb', ''),
(3325, 2079, 2, '3', 22, 'tapa', ''),
(3326, 2079, 2, '3', 11, 'tapb', ''),
(3327, 2079, 2, '3', 32, 'tbpa', ''),
(3328, 2079, 2, '3', 14, 'tbpb', ''),
(3329, 2079, 2, '4', 12, 'tapa', ''),
(3330, 2079, 2, '4', 33, 'tapb', ''),
(3331, 2079, 2, '4', 36, 'tbpa', ''),
(3332, 2079, 2, '4', 15, 'tbpb', ''),
(3333, 2079, 3, '1', 12, 'tapa', ''),
(3334, 2079, 3, '1', 7, 'tapb', ''),
(3335, 2079, 3, '1', 22, 'tbpa', ''),
(3336, 2079, 3, '1', 6, 'tbpb', ''),
(3337, 2079, 3, '2', 8, 'tapa', ''),
(3338, 2079, 3, '2', 33, 'tapb', ''),
(3339, 2079, 3, '2', 18, 'tbpa', ''),
(3340, 2079, 3, '2', 14, 'tbpb', ''),
(3341, 2079, 3, '3', 16, 'tapa', ''),
(3342, 2079, 3, '3', 17, 'tapb', ''),
(3343, 2079, 3, '3', 32, 'tbpa', ''),
(3344, 2079, 3, '3', 15, 'tbpb', ''),
(3345, 2079, 3, '4', 13, 'tapa', ''),
(3346, 2079, 3, '4', 11, 'tapb', ''),
(3347, 2079, 3, '4', 36, 'tbpa', ''),
(3348, 2079, 3, '4', 37, 'tbpb', ''),
(3493, 2080, 1, '1', 8, 'tapa', ''),
(3494, 2080, 1, '1', 7, 'tapb', ''),
(3495, 2080, 1, '1', 34, 'tbpa', ''),
(3496, 2080, 1, '1', 17, 'tbpb', ''),
(3497, 2080, 1, '2', 18, 'tapa', ''),
(3498, 2080, 1, '2', 1, 'tapb', ''),
(3499, 2080, 1, '2', 36, 'tbpa', ''),
(3500, 2080, 1, '2', 37, 'tbpb', ''),
(3501, 2080, 1, '3', 5, 'tapa', ''),
(3502, 2080, 1, '3', 21, 'tapb', ''),
(3503, 2080, 1, '3', 2, 'tbpa', ''),
(3504, 2080, 1, '3', 35, 'tbpb', ''),
(3505, 2080, 1, '4', 13, 'tapa', ''),
(3506, 2080, 1, '4', 33, 'tapb', ''),
(3507, 2080, 1, '4', 22, 'tbpa', ''),
(3508, 2080, 1, '4', 6, 'tbpb', ''),
(3509, 2080, 2, '1', 5, 'tapa', ''),
(3510, 2080, 2, '1', 1, 'tapb', ''),
(3511, 2080, 2, '1', 8, 'tbpa', ''),
(3512, 2080, 2, '1', 35, 'tbpb', ''),
(3513, 2080, 2, '2', 18, 'tapa', ''),
(3514, 2080, 2, '2', 7, 'tapb', ''),
(3515, 2080, 2, '2', 22, 'tbpa', ''),
(3516, 2080, 2, '2', 21, 'tbpb', ''),
(3517, 2080, 2, '3', 2, 'tapa', ''),
(3518, 2080, 2, '3', 37, 'tapb', ''),
(3519, 2080, 2, '3', 36, 'tbpa', ''),
(3520, 2080, 2, '3', 17, 'tbpb', ''),
(3521, 2080, 2, '4', 34, 'tapa', ''),
(3522, 2080, 2, '4', 33, 'tapb', ''),
(3523, 2080, 2, '4', 13, 'tbpa', ''),
(3524, 2080, 2, '4', 6, 'tbpb', ''),
(3525, 2080, 3, '1', 8, 'tapa', ''),
(3526, 2080, 3, '1', 6, 'tapb', ''),
(3527, 2080, 3, '1', 13, 'tbpa', ''),
(3528, 2080, 3, '1', 35, 'tbpb', ''),
(3529, 2080, 3, '2', 34, 'tapa', ''),
(3530, 2080, 3, '2', 7, 'tapb', ''),
(3531, 2080, 3, '2', 5, 'tbpa', ''),
(3532, 2080, 3, '2', 37, 'tbpb', ''),
(3533, 2080, 3, '3', 18, 'tapa', ''),
(3534, 2080, 3, '3', 21, 'tapb', ''),
(3535, 2080, 3, '3', 22, 'tbpa', ''),
(3536, 2080, 3, '3', 33, 'tbpb', ''),
(3537, 2080, 3, '4', 2, 'tapa', ''),
(3538, 2080, 3, '4', 17, 'tapb', ''),
(3539, 2080, 3, '4', 36, 'tbpa', ''),
(3540, 2080, 3, '4', 1, 'tbpb', ''),
(3589, 2081, 1, '1', 12, 'tapa', ''),
(3590, 2081, 1, '1', 15, 'tapb', ''),
(3591, 2081, 1, '1', 22, 'tbpa', ''),
(3592, 2081, 1, '1', 21, 'tbpb', ''),
(3593, 2081, 1, '2', 2, 'tapa', ''),
(3594, 2081, 1, '2', 6, 'tapb', ''),
(3595, 2081, 1, '2', 44, 'tbpa', ''),
(3596, 2081, 1, '2', 45, 'tbpb', ''),
(3597, 2081, 1, '3', 16, 'tapa', ''),
(3598, 2081, 1, '3', 28, 'tapb', ''),
(3599, 2081, 1, '3', 5, 'tbpa', ''),
(3600, 2081, 1, '3', 14, 'tbpb', ''),
(3601, 2081, 1, '4', 13, 'tapa', ''),
(3602, 2081, 1, '4', 11, 'tapb', ''),
(3603, 2081, 1, '4', 27, 'tbpa', ''),
(3604, 2081, 1, '4', 1, 'tbpb', ''),
(3605, 2081, 2, '1', 12, 'tapa', ''),
(3606, 2081, 2, '1', 6, 'tapb', ''),
(3607, 2081, 2, '1', 16, 'tbpa', ''),
(3608, 2081, 2, '1', 15, 'tbpb', ''),
(3609, 2081, 2, '2', 13, 'tapa', ''),
(3610, 2081, 2, '2', 14, 'tapb', ''),
(3611, 2081, 2, '2', 22, 'tbpa', ''),
(3612, 2081, 2, '2', 28, 'tbpb', ''),
(3613, 2081, 2, '3', 44, 'tapa', ''),
(3614, 2081, 2, '3', 1, 'tapb', ''),
(3615, 2081, 2, '3', 27, 'tbpa', ''),
(3616, 2081, 2, '3', 21, 'tbpb', ''),
(3617, 2081, 2, '4', 2, 'tapa', ''),
(3618, 2081, 2, '4', 11, 'tapb', ''),
(3619, 2081, 2, '4', 5, 'tbpa', ''),
(3620, 2081, 2, '4', 45, 'tbpb', ''),
(3621, 2081, 3, '1', 2, 'tapa', ''),
(3622, 2081, 3, '1', 15, 'tapb', ''),
(3623, 2081, 3, '1', 13, 'tbpa', ''),
(3624, 2081, 3, '1', 6, 'tbpb', ''),
(3625, 2081, 3, '2', 5, 'tapa', ''),
(3626, 2081, 3, '2', 11, 'tapb', ''),
(3627, 2081, 3, '2', 22, 'tbpa', ''),
(3628, 2081, 3, '2', 1, 'tbpb', ''),
(3629, 2081, 3, '3', 16, 'tapa', ''),
(3630, 2081, 3, '3', 14, 'tapb', ''),
(3631, 2081, 3, '3', 27, 'tbpa', ''),
(3632, 2081, 3, '3', 45, 'tbpb', ''),
(3633, 2081, 3, '4', 44, 'tapa', ''),
(3634, 2081, 3, '4', 28, 'tapb', ''),
(3635, 2081, 3, '4', 12, 'tbpa', ''),
(3636, 2081, 3, '4', 21, 'tbpb', ''),
(3925, 2083, 1, '1', 2, 'tapa', ''),
(3926, 2083, 1, '1', 40, 'tapb', ''),
(3927, 2083, 1, '1', 32, 'tbpa', ''),
(3928, 2083, 1, '1', 14, 'tbpb', ''),
(3929, 2083, 1, '2', 27, 'tapa', ''),
(3930, 2083, 1, '2', 7, 'tapb', ''),
(3931, 2083, 1, '2', 8, 'tbpa', ''),
(3932, 2083, 1, '2', 1, 'tbpb', ''),
(3933, 2083, 1, '3', 5, 'tapa', ''),
(3934, 2083, 1, '3', 28, 'tapb', ''),
(3935, 2083, 1, '3', 9, 'tbpa', ''),
(3936, 2083, 1, '3', 10, 'tbpb', ''),
(3937, 2083, 1, '4', 16, 'tapa', ''),
(3938, 2083, 1, '4', 15, 'tapb', ''),
(3939, 2083, 1, '4', -1, 'tbpa', ''),
(3940, 2083, 1, '4', 6, 'tbpb', ''),
(3941, 2083, 2, '1', 32, 'tapa', ''),
(3942, 2083, 2, '1', 6, 'tapb', ''),
(3943, 2083, 2, '1', 9, 'tbpa', ''),
(3944, 2083, 2, '1', 28, 'tbpb', ''),
(3945, 2083, 2, '2', 5, 'tapa', ''),
(3946, 2083, 2, '2', 10, 'tapb', ''),
(3947, 2083, 2, '2', -1, 'tbpa', ''),
(3948, 2083, 2, '2', 1, 'tbpb', ''),
(3949, 2083, 2, '3', 8, 'tapa', ''),
(3950, 2083, 2, '3', 7, 'tapb', ''),
(3951, 2083, 2, '3', 16, 'tbpa', ''),
(3952, 2083, 2, '3', 40, 'tbpb', ''),
(3953, 2083, 2, '4', 2, 'tapa', ''),
(3954, 2083, 2, '4', 14, 'tapb', ''),
(3955, 2083, 2, '4', 27, 'tbpa', ''),
(3956, 2083, 2, '4', 15, 'tbpb', ''),
(3957, 2083, 3, '1', 8, 'tapa', ''),
(3958, 2083, 3, '1', 28, 'tapb', ''),
(3959, 2083, 3, '1', 5, 'tbpa', ''),
(3960, 2083, 3, '1', 14, 'tbpb', ''),
(3961, 2083, 3, '2', 2, 'tapa', ''),
(3962, 2083, 3, '2', 15, 'tapb', ''),
(3963, 2083, 3, '2', 16, 'tbpa', ''),
(3964, 2083, 3, '2', 10, 'tbpb', ''),
(3965, 2083, 3, '3', 27, 'tapa', ''),
(3966, 2083, 3, '3', 6, 'tapb', ''),
(3967, 2083, 3, '3', 32, 'tbpa', ''),
(3968, 2083, 3, '3', 7, 'tbpb', ''),
(3969, 2083, 3, '4', -1, 'tapa', ''),
(3970, 2083, 3, '4', 40, 'tapb', ''),
(3971, 2083, 3, '4', 9, 'tbpa', ''),
(3972, 2083, 3, '4', 1, 'tbpb', ''),
(3973, 2259, 1, '1', 38, 'tapa', ''),
(3974, 2259, 1, '1', 6, 'tapb', ''),
(3975, 2259, 1, '1', 56, 'tbpa', ''),
(3976, 2259, 1, '1', 57, 'tbpb', ''),
(3977, 2259, 1, '2', 16, 'tapa', ''),
(3978, 2259, 1, '2', 21, 'tapb', ''),
(3979, 2259, 1, '2', 44, 'tbpa', ''),
(3980, 2259, 1, '2', 15, 'tbpb', ''),
(3981, 2259, 1, '3', 2, 'tapa', ''),
(3982, 2259, 1, '3', 7, 'tapb', ''),
(3983, 2259, 1, '3', 22, 'tbpa', ''),
(3984, 2259, 1, '3', 1, 'tbpb', ''),
(3985, 2259, 1, '4', 8, 'tapa', ''),
(3986, 2259, 1, '4', 39, 'tapb', ''),
(3987, 2259, 1, '4', 5, 'tbpa', ''),
(3988, 2259, 1, '4', 45, 'tbpb', ''),
(3989, 2259, 2, '1', 16, 'tapa', ''),
(3990, 2259, 2, '1', 7, 'tapb', ''),
(3991, 2259, 2, '1', 8, 'tbpa', ''),
(3992, 2259, 2, '1', 57, 'tbpb', ''),
(3993, 2259, 2, '2', 5, 'tapa', ''),
(3994, 2259, 2, '2', 1, 'tapb', ''),
(3995, 2259, 2, '2', 56, 'tbpa', ''),
(3996, 2259, 2, '2', 6, 'tbpb', ''),
(3997, 2259, 2, '3', 38, 'tapa', ''),
(3998, 2259, 2, '3', 21, 'tapb', ''),
(3999, 2259, 2, '3', 22, 'tbpa', ''),
(4000, 2259, 2, '3', 45, 'tbpb', ''),
(4001, 2259, 2, '4', 44, 'tapa', ''),
(4002, 2259, 2, '4', 39, 'tapb', ''),
(4003, 2259, 2, '4', 2, 'tbpa', ''),
(4004, 2259, 2, '4', 15, 'tbpb', ''),
(4005, 2259, 3, '1', 22, 'tapa', ''),
(4006, 2259, 3, '1', 7, 'tapb', ''),
(4007, 2259, 3, '1', 16, 'tbpa', ''),
(4008, 2259, 3, '1', 45, 'tbpb', ''),
(4009, 2259, 3, '2', 2, 'tapa', ''),
(4010, 2259, 3, '2', 21, 'tapb', ''),
(4011, 2259, 3, '2', 5, 'tbpa', ''),
(4012, 2259, 3, '2', 6, 'tbpb', ''),
(4013, 2259, 3, '3', 8, 'tapa', ''),
(4014, 2259, 3, '3', 15, 'tapb', ''),
(4015, 2259, 3, '3', 38, 'tbpa', ''),
(4016, 2259, 3, '3', 1, 'tbpb', ''),
(4017, 2259, 3, '4', 44, 'tapa', ''),
(4018, 2259, 3, '4', 57, 'tapb', ''),
(4019, 2259, 3, '4', 56, 'tbpa', ''),
(4020, 2259, 3, '4', 39, 'tbpb', ''),
(4597, 2261, 1, '1', 34, 'tapa', ''),
(4598, 2261, 1, '1', 35, 'tapb', ''),
(4599, 2261, 1, '1', 22, 'tbpa', ''),
(4600, 2261, 1, '1', 45, 'tbpb', ''),
(4601, 2261, 1, '2', 5, 'tapa', ''),
(4602, 2261, 1, '2', 21, 'tapb', ''),
(4603, 2261, 1, '2', 13, 'tbpa', ''),
(4604, 2261, 1, '2', 33, 'tbpb', ''),
(4605, 2261, 1, '3', 55, 'tapa', ''),
(4606, 2261, 1, '3', 10, 'tapb', ''),
(4607, 2261, 1, '3', 9, 'tbpa', ''),
(4608, 2261, 1, '3', 61, 'tbpb', ''),
(4609, 2261, 1, '4', 44, 'tapa', ''),
(4610, 2261, 1, '4', 6, 'tapb', ''),
(4611, 2261, 1, '4', 32, 'tbpa', ''),
(4612, 2261, 1, '4', 54, 'tbpb', ''),
(4613, 2261, 2, '1', 34, 'tapa', ''),
(4614, 2261, 2, '1', 61, 'tapb', ''),
(4615, 2261, 2, '1', 44, 'tbpa', ''),
(4616, 2261, 2, '1', 54, 'tbpb', ''),
(4617, 2261, 2, '2', 22, 'tapa', ''),
(4618, 2261, 2, '2', 33, 'tapb', ''),
(4619, 2261, 2, '2', 55, 'tbpa', ''),
(4620, 2261, 2, '2', 45, 'tbpb', ''),
(4621, 2261, 2, '3', 13, 'tapa', ''),
(4622, 2261, 2, '3', 35, 'tapb', ''),
(4623, 2261, 2, '3', 32, 'tbpa', ''),
(4624, 2261, 2, '3', 10, 'tbpb', ''),
(4625, 2261, 2, '4', 5, 'tapa', ''),
(4626, 2261, 2, '4', 6, 'tapb', ''),
(4627, 2261, 2, '4', 9, 'tbpa', ''),
(4628, 2261, 2, '4', 21, 'tbpb', ''),
(4629, 2261, 3, '1', 5, 'tapa', ''),
(4630, 2261, 3, '1', 33, 'tapb', ''),
(4631, 2261, 3, '1', 44, 'tbpa', ''),
(4632, 2261, 3, '1', 35, 'tbpb', ''),
(4633, 2261, 3, '2', 9, 'tapa', ''),
(4634, 2261, 3, '2', 54, 'tapb', ''),
(4635, 2261, 3, '2', 22, 'tbpa', ''),
(4636, 2261, 3, '2', 21, 'tbpb', ''),
(4637, 2261, 3, '3', 55, 'tapa', ''),
(4638, 2261, 3, '3', 6, 'tapb', ''),
(4639, 2261, 3, '3', 13, 'tbpa', ''),
(4640, 2261, 3, '3', 10, 'tbpb', ''),
(4641, 2261, 3, '4', 32, 'tapa', ''),
(4642, 2261, 3, '4', 61, 'tapb', ''),
(4643, 2261, 3, '4', 34, 'tbpa', ''),
(4644, 2261, 3, '4', 45, 'tbpb', ''),
(4741, 2262, 1, '1', 16, 'tapa', ''),
(4742, 2262, 1, '1', 33, 'tapb', ''),
(4743, 2262, 1, '1', 53, 'tbpa', ''),
(4744, 2262, 1, '1', 57, 'tbpb', ''),
(4745, 2262, 1, '2', 32, 'tapa', ''),
(4746, 2262, 1, '2', 23, 'tapb', ''),
(4747, 2262, 1, '2', 8, 'tbpa', ''),
(4748, 2262, 1, '2', 6, 'tbpb', ''),
(4749, 2262, 1, '3', 56, 'tapa', ''),
(4750, 2262, 1, '3', 39, 'tapb', ''),
(4751, 2262, 1, '3', 5, 'tbpa', ''),
(4752, 2262, 1, '3', 1, 'tbpb', ''),
(4753, 2262, 1, '4', 62, 'tapa', ''),
(4754, 2262, 1, '4', 52, 'tapb', ''),
(4755, 2262, 1, '4', 2, 'tbpa', ''),
(4756, 2262, 1, '4', 7, 'tbpb', ''),
(4757, 2262, 2, '1', 8, 'tapa', ''),
(4758, 2262, 2, '1', 39, 'tapb', ''),
(4759, 2262, 2, '1', 62, 'tbpa', ''),
(4760, 2262, 2, '1', 7, 'tbpb', ''),
(4761, 2262, 2, '2', 16, 'tapa', ''),
(4762, 2262, 2, '2', 23, 'tapb', ''),
(4763, 2262, 2, '2', 5, 'tbpa', ''),
(4764, 2262, 2, '2', 33, 'tbpb', ''),
(4765, 2262, 2, '3', 56, 'tapa', ''),
(4766, 2262, 2, '3', 57, 'tapb', ''),
(4767, 2262, 2, '3', 2, 'tbpa', ''),
(4768, 2262, 2, '3', 6, 'tbpb', ''),
(4769, 2262, 2, '4', 53, 'tapa', ''),
(4770, 2262, 2, '4', 1, 'tapb', ''),
(4771, 2262, 2, '4', 32, 'tbpa', ''),
(4772, 2262, 2, '4', 52, 'tbpb', ''),
(4773, 2262, 3, '1', 32, 'tapa', ''),
(4774, 2262, 3, '1', 57, 'tapb', ''),
(4775, 2262, 3, '1', 5, 'tbpa', ''),
(4776, 2262, 3, '1', 7, 'tbpb', ''),
(4777, 2262, 3, '2', 56, 'tapa', ''),
(4778, 2262, 3, '2', 33, 'tapb', ''),
(4779, 2262, 3, '2', 8, 'tbpa', ''),
(4780, 2262, 3, '2', 52, 'tbpb', ''),
(4781, 2262, 3, '3', 62, 'tapa', ''),
(4782, 2262, 3, '3', 6, 'tapb', ''),
(4783, 2262, 3, '3', 16, 'tbpa', ''),
(4784, 2262, 3, '3', 1, 'tbpb', ''),
(4785, 2262, 3, '4', 53, 'tapa', ''),
(4786, 2262, 3, '4', 39, 'tapb', ''),
(4787, 2262, 3, '4', 2, 'tbpa', ''),
(4788, 2262, 3, '4', 23, 'tbpb', ''),
(4837, 2263, 1, '1', 44, 'tapa', ''),
(4838, 2263, 1, '1', 6, 'tapb', ''),
(4839, 2263, 1, '1', 8, 'tbpa', ''),
(4840, 2263, 1, '1', 54, 'tbpb', ''),
(4841, 2263, 1, '2', 55, 'tapa', ''),
(4842, 2263, 1, '2', 7, 'tapb', ''),
(4843, 2263, 1, '2', 9, 'tbpa', ''),
(4844, 2263, 1, '2', 10, 'tbpb', ''),
(4845, 2263, 1, '3', 13, 'tapa', ''),
(4846, 2263, 1, '3', 39, 'tapb', ''),
(4847, 2263, 1, '3', 38, 'tbpa', ''),
(4848, 2263, 1, '3', 45, 'tbpb', ''),
(4849, 2263, 1, '4', 16, 'tapa', ''),
(4850, 2263, 1, '4', 17, 'tapb', ''),
(4851, 2263, 1, '4', 5, 'tbpa', ''),
(4852, 2263, 1, '4', 63, 'tbpb', ''),
(4853, 2263, 2, '1', 44, 'tapa', ''),
(4854, 2263, 2, '1', 63, 'tapb', ''),
(4855, 2263, 2, '1', 13, 'tbpa', ''),
(4856, 2263, 2, '1', 10, 'tbpb', ''),
(4857, 2263, 2, '2', 38, 'tapa', ''),
(4858, 2263, 2, '2', 7, 'tapb', ''),
(4859, 2263, 2, '2', 55, 'tbpa', ''),
(4860, 2263, 2, '2', 6, 'tbpb', ''),
(4861, 2263, 2, '3', 5, 'tapa', ''),
(4862, 2263, 2, '3', 17, 'tapb', ''),
(4863, 2263, 2, '3', 8, 'tbpa', ''),
(4864, 2263, 2, '3', 39, 'tbpb', ''),
(4865, 2263, 2, '4', 9, 'tapa', ''),
(4866, 2263, 2, '4', 45, 'tapb', ''),
(4867, 2263, 2, '4', 16, 'tbpa', ''),
(4868, 2263, 2, '4', 54, 'tbpb', ''),
(4869, 2263, 3, '1', 16, 'tapa', ''),
(4870, 2263, 3, '1', 7, 'tapb', ''),
(4871, 2263, 3, '1', 38, 'tbpa', ''),
(4872, 2263, 3, '1', 17, 'tbpb', ''),
(4873, 2263, 3, '2', 5, 'tapa', ''),
(4874, 2263, 3, '2', 45, 'tapb', ''),
(4875, 2263, 3, '2', 55, 'tbpa', ''),
(4876, 2263, 3, '2', 63, 'tbpb', ''),
(4877, 2263, 3, '3', 44, 'tapa', ''),
(4878, 2263, 3, '3', 39, 'tapb', ''),
(4879, 2263, 3, '3', 9, 'tbpa', ''),
(4880, 2263, 3, '3', 6, 'tbpb', ''),
(4881, 2263, 3, '4', 13, 'tapa', ''),
(4882, 2263, 3, '4', 54, 'tapb', ''),
(4883, 2263, 3, '4', 8, 'tbpa', ''),
(4884, 2263, 3, '4', 10, 'tbpb', ''),
(5077, 2264, 1, '1', 66, 'tapa', ''),
(5078, 2264, 1, '1', 39, 'tapb', ''),
(5079, 2264, 1, '1', 22, 'tbpa', ''),
(5080, 2264, 1, '1', 33, 'tbpb', ''),
(5081, 2264, 1, '2', 53, 'tapa', ''),
(5082, 2264, 1, '2', 17, 'tapb', ''),
(5083, 2264, 1, '2', 5, 'tbpa', ''),
(5084, 2264, 1, '2', 52, 'tbpb', ''),
(5085, 2264, 1, '3', 32, 'tapa', ''),
(5086, 2264, 1, '3', 6, 'tapb', ''),
(5087, 2264, 1, '3', 38, 'tbpa', ''),
(5088, 2264, 1, '3', 64, 'tbpb', ''),
(5089, 2264, 1, '4', 65, 'tapa', ''),
(5090, 2264, 1, '4', 21, 'tapb', ''),
(5091, 2264, 1, '4', 13, 'tbpa', ''),
(5092, 2264, 1, '4', 67, 'tbpb', ''),
(5093, 2264, 2, '1', 22, 'tapa', ''),
(5094, 2264, 2, '1', 52, 'tapb', ''),
(5095, 2264, 2, '1', 5, 'tbpa', ''),
(5096, 2264, 2, '1', 64, 'tbpb', ''),
(5097, 2264, 2, '2', 65, 'tapa', ''),
(5098, 2264, 2, '2', 6, 'tapb', ''),
(5099, 2264, 2, '2', 53, 'tbpa', ''),
(5100, 2264, 2, '2', 39, 'tbpb', ''),
(5101, 2264, 2, '3', 66, 'tapa', ''),
(5102, 2264, 2, '3', 33, 'tapb', ''),
(5103, 2264, 2, '3', 32, 'tbpa', ''),
(5104, 2264, 2, '3', 21, 'tbpb', ''),
(5105, 2264, 2, '4', 38, 'tapa', ''),
(5106, 2264, 2, '4', 67, 'tapb', ''),
(5107, 2264, 2, '4', 13, 'tbpa', ''),
(5108, 2264, 2, '4', 17, 'tbpb', ''),
(5109, 2264, 3, '1', 66, 'tapa', ''),
(5110, 2264, 3, '1', 64, 'tapb', ''),
(5111, 2264, 3, '1', 53, 'tbpa', ''),
(5112, 2264, 3, '1', 67, 'tbpb', ''),
(5113, 2264, 3, '2', 65, 'tapa', ''),
(5114, 2264, 3, '2', 39, 'tapb', ''),
(5115, 2264, 3, '2', 5, 'tbpa', ''),
(5116, 2264, 3, '2', 17, 'tbpb', ''),
(5117, 2264, 3, '3', 13, 'tapa', ''),
(5118, 2264, 3, '3', 6, 'tapb', ''),
(5119, 2264, 3, '3', 32, 'tbpa', ''),
(5120, 2264, 3, '3', 33, 'tbpb', ''),
(5121, 2264, 3, '4', 38, 'tapa', ''),
(5122, 2264, 3, '4', 52, 'tapb', ''),
(5123, 2264, 3, '4', 22, 'tbpa', ''),
(5124, 2264, 3, '4', 21, 'tbpb', ''),
(5365, 2265, 1, '1', 32, 'tapa', ''),
(5366, 2265, 1, '1', 21, 'tapb', ''),
(5367, 2265, 1, '1', 44, 'tbpa', ''),
(5368, 2265, 1, '1', 33, 'tbpb', ''),
(5369, 2265, 1, '2', 22, 'tapa', ''),
(5370, 2265, 1, '2', 54, 'tapb', ''),
(5371, 2265, 1, '2', 38, 'tbpa', ''),
(5372, 2265, 1, '2', 35, 'tbpb', ''),
(5373, 2265, 1, '3', 5, 'tapa', ''),
(5374, 2265, 1, '3', 59, 'tapb', ''),
(5375, 2265, 1, '3', 13, 'tbpa', ''),
(5376, 2265, 1, '3', 45, 'tbpb', ''),
(5377, 2265, 1, '4', 58, 'tapa', ''),
(5378, 2265, 1, '4', 6, 'tapb', ''),
(5379, 2265, 1, '4', 55, 'tbpa', ''),
(5380, 2265, 1, '4', 39, 'tbpb', ''),
(5381, 2265, 2, '1', 55, 'tapa', ''),
(5382, 2265, 2, '1', 54, 'tapb', ''),
(5383, 2265, 2, '1', 13, 'tbpa', ''),
(5384, 2265, 2, '1', 39, 'tbpb', ''),
(5385, 2265, 2, '2', 32, 'tapa', ''),
(5386, 2265, 2, '2', 35, 'tapb', ''),
(5387, 2265, 2, '2', 58, 'tbpa', ''),
(5388, 2265, 2, '2', 45, 'tbpb', ''),
(5389, 2265, 2, '3', 22, 'tapa', ''),
(5390, 2265, 2, '3', 59, 'tapb', ''),
(5391, 2265, 2, '3', 44, 'tbpa', ''),
(5392, 2265, 2, '3', 21, 'tbpb', ''),
(5393, 2265, 2, '4', 5, 'tapa', ''),
(5394, 2265, 2, '4', 6, 'tapb', ''),
(5395, 2265, 2, '4', 38, 'tbpa', ''),
(5396, 2265, 2, '4', 33, 'tbpb', ''),
(5397, 2265, 3, '1', 55, 'tapa', ''),
(5398, 2265, 3, '1', 59, 'tapb', ''),
(5399, 2265, 3, '1', 32, 'tbpa', ''),
(5400, 2265, 3, '1', 33, 'tbpb', ''),
(5401, 2265, 3, '2', 13, 'tapa', ''),
(5402, 2265, 3, '2', 54, 'tapb', ''),
(5403, 2265, 3, '2', 44, 'tbpa', ''),
(5404, 2265, 3, '2', 6, 'tbpb', ''),
(5405, 2265, 3, '3', 5, 'tapa', ''),
(5406, 2265, 3, '3', 39, 'tapb', ''),
(5407, 2265, 3, '3', 22, 'tbpa', ''),
(5408, 2265, 3, '3', 35, 'tbpb', ''),
(5409, 2265, 3, '4', 38, 'tapa', ''),
(5410, 2265, 3, '4', 45, 'tapb', ''),
(5411, 2265, 3, '4', 58, 'tbpa', ''),
(5412, 2265, 3, '4', 21, 'tbpb', ''),
(5893, 2266, 1, '1', 56, 'tapa', ''),
(5894, 2266, 1, '1', 6, 'tapb', ''),
(5895, 2266, 1, '1', 22, 'tbpa', ''),
(5896, 2266, 1, '1', 52, 'tbpb', ''),
(5897, 2266, 1, '2', 65, 'tapa', ''),
(5898, 2266, 1, '2', 64, 'tapb', ''),
(5899, 2266, 1, '2', 13, 'tbpa', ''),
(5900, 2266, 1, '2', 59, 'tbpb', ''),
(5901, 2266, 1, '3', 16, 'tapa', ''),
(5902, 2266, 1, '3', 63, 'tapb', ''),
(5903, 2266, 1, '3', 53, 'tbpa', ''),
(5904, 2266, 1, '3', 57, 'tbpb', ''),
(5905, 2266, 1, '4', 5, 'tapa', ''),
(5906, 2266, 1, '4', 21, 'tapb', ''),
(5907, 2266, 1, '4', 58, 'tbpa', ''),
(5908, 2266, 1, '4', 17, 'tbpb', ''),
(5909, 2266, 2, '1', 22, 'tapa', ''),
(5910, 2266, 2, '1', 17, 'tapb', ''),
(5911, 2266, 2, '1', 65, 'tbpa', ''),
(5912, 2266, 2, '1', 57, 'tbpb', ''),
(5913, 2266, 2, '2', 13, 'tapa', ''),
(5914, 2266, 2, '2', 64, 'tapb', ''),
(5915, 2266, 2, '2', 56, 'tbpa', ''),
(5916, 2266, 2, '2', 21, 'tbpb', ''),
(5917, 2266, 2, '3', 53, 'tapa', ''),
(5918, 2266, 2, '3', 6, 'tapb', ''),
(5919, 2266, 2, '3', 58, 'tbpa', ''),
(5920, 2266, 2, '3', 59, 'tbpb', ''),
(5921, 2266, 2, '4', 16, 'tapa', ''),
(5922, 2266, 2, '4', 52, 'tapb', ''),
(5923, 2266, 2, '4', 5, 'tbpa', ''),
(5924, 2266, 2, '4', 63, 'tbpb', ''),
(5925, 2266, 3, '1', 53, 'tapa', ''),
(5926, 2266, 3, '1', 63, 'tapb', ''),
(5927, 2266, 3, '1', 5, 'tbpa', ''),
(5928, 2266, 3, '1', 64, 'tbpb', ''),
(5929, 2266, 3, '2', 58, 'tapa', ''),
(5930, 2266, 3, '2', 52, 'tapb', ''),
(5931, 2266, 3, '2', 22, 'tbpa', ''),
(5932, 2266, 3, '2', 59, 'tbpb', ''),
(5933, 2266, 3, '3', 16, 'tapa', ''),
(5934, 2266, 3, '3', 6, 'tapb', ''),
(5935, 2266, 3, '3', 13, 'tbpa', ''),
(5936, 2266, 3, '3', 17, 'tbpb', ''),
(5937, 2266, 3, '4', 65, 'tapa', ''),
(5938, 2266, 3, '4', 21, 'tapb', ''),
(5939, 2266, 3, '4', 56, 'tbpa', ''),
(5940, 2266, 3, '4', 57, 'tbpb', ''),
(6277, 2268, 1, '1', 32, 'tapa', ''),
(6278, 2268, 1, '1', 1, 'tapb', ''),
(6279, 2268, 1, '1', 60, 'tbpa', ''),
(6280, 2268, 1, '1', 33, 'tbpb', ''),
(6281, 2268, 1, '2', 5, 'tapa', ''),
(6282, 2268, 1, '2', 6, 'tapb', ''),
(6283, 2268, 1, '2', 2, 'tbpa', ''),
(6284, 2268, 1, '2', 21, 'tbpb', ''),
(6285, 2268, 1, '3', 13, 'tapa', ''),
(6286, 2268, 1, '3', 69, 'tapb', ''),
(6287, 2268, 1, '3', 68, 'tbpa', ''),
(6288, 2268, 1, '3', 7, 'tbpb', ''),
(6289, 2268, 1, '4', 8, 'tapa', ''),
(6290, 2268, 1, '4', 17, 'tapb', ''),
(6291, 2268, 1, '4', 22, 'tbpa', ''),
(6292, 2268, 1, '4', 52, 'tbpb', ''),
(6293, 2268, 2, '1', 2, 'tapa', ''),
(6294, 2268, 2, '1', 52, 'tapb', ''),
(6295, 2268, 2, '1', 13, 'tbpa', ''),
(6296, 2268, 2, '1', 1, 'tbpb', ''),
(6297, 2268, 2, '2', 8, 'tapa', ''),
(6298, 2268, 2, '2', 7, 'tapb', ''),
(6299, 2268, 2, '2', 5, 'tbpa', ''),
(6300, 2268, 2, '2', 33, 'tbpb', ''),
(6301, 2268, 2, '3', 68, 'tapa', ''),
(6302, 2268, 2, '3', 17, 'tapb', ''),
(6303, 2268, 2, '3', 32, 'tbpa', ''),
(6304, 2268, 2, '3', 21, 'tbpb', ''),
(6305, 2268, 2, '4', 60, 'tapa', ''),
(6306, 2268, 2, '4', 6, 'tapb', ''),
(6307, 2268, 2, '4', 22, 'tbpa', ''),
(6308, 2268, 2, '4', 69, 'tbpb', ''),
(6309, 2268, 3, '1', 22, 'tapa', ''),
(6310, 2268, 3, '1', 6, 'tapb', ''),
(6311, 2268, 3, '1', 13, 'tbpa', ''),
(6312, 2268, 3, '1', 7, 'tbpb', ''),
(6313, 2268, 3, '2', 5, 'tapa', ''),
(6314, 2268, 3, '2', 1, 'tapb', ''),
(6315, 2268, 3, '2', 32, 'tbpa', ''),
(6316, 2268, 3, '2', 17, 'tbpb', ''),
(6317, 2268, 3, '3', 60, 'tapa', ''),
(6318, 2268, 3, '3', 69, 'tapb', ''),
(6319, 2268, 3, '3', 2, 'tbpa', ''),
(6320, 2268, 3, '3', 33, 'tbpb', ''),
(6321, 2268, 3, '4', 8, 'tapa', ''),
(6322, 2268, 3, '4', 52, 'tapb', ''),
(6323, 2268, 3, '4', 68, 'tbpa', ''),
(6324, 2268, 3, '4', 21, 'tbpb', ''),
(6325, 2269, 1, '1', 38, 'tapa', ''),
(6326, 2269, 1, '1', 54, 'tapb', ''),
(6327, 2269, 1, '1', 22, 'tbpa', ''),
(6328, 2269, 1, '1', 39, 'tbpb', ''),
(6329, 2269, 1, '2', 34, 'tapa', ''),
(6330, 2269, 1, '2', 6, 'tapb', ''),
(6331, 2269, 1, '2', 16, 'tbpa', ''),
(6332, 2269, 1, '2', 21, 'tbpb', ''),
(6333, 2269, 1, '3', 5, 'tapa', ''),
(6334, 2269, 1, '3', 35, 'tapb', ''),
(6335, 2269, 1, '3', 55, 'tbpa', ''),
(6336, 2269, 1, '3', 63, 'tbpb', ''),
(6337, 2269, 1, '4', 2, 'tapa', ''),
(6338, 2269, 1, '4', 1, 'tapb', ''),
(6339, 2269, 1, '4', 58, 'tbpa', ''),
(6340, 2269, 1, '4', 59, 'tbpb', ''),
(6341, 2269, 2, '1', 58, 'tapa', ''),
(6342, 2269, 2, '1', 39, 'tapb', ''),
(6343, 2269, 2, '1', 22, 'tbpa', ''),
(6344, 2269, 2, '1', 21, 'tbpb', ''),
(6345, 2269, 2, '2', 55, 'tapa', ''),
(6346, 2269, 2, '2', 6, 'tapb', ''),
(6347, 2269, 2, '2', 34, 'tbpa', ''),
(6348, 2269, 2, '2', 63, 'tbpb', ''),
(6349, 2269, 2, '3', 2, 'tapa', ''),
(6350, 2269, 2, '3', 54, 'tapb', ''),
(6351, 2269, 2, '3', 5, 'tbpa', ''),
(6352, 2269, 2, '3', 1, 'tbpb', ''),
(6353, 2269, 2, '4', 16, 'tapa', ''),
(6354, 2269, 2, '4', 35, 'tapb', ''),
(6355, 2269, 2, '4', 38, 'tbpa', ''),
(6356, 2269, 2, '4', 59, 'tbpb', ''),
(6357, 2269, 3, '1', 2, 'tapa', ''),
(6358, 2269, 3, '1', 35, 'tapb', ''),
(6359, 2269, 3, '1', 34, 'tbpa', ''),
(6360, 2269, 3, '1', 39, 'tbpb', ''),
(6361, 2269, 3, '2', 16, 'tapa', ''),
(6362, 2269, 3, '2', 6, 'tapb', ''),
(6363, 2269, 3, '2', 58, 'tbpa', ''),
(6364, 2269, 3, '2', 54, 'tbpb', ''),
(6365, 2269, 3, '3', 38, 'tapa', ''),
(6366, 2269, 3, '3', 1, 'tapb', ''),
(6367, 2269, 3, '3', 5, 'tbpa', ''),
(6368, 2269, 3, '3', 63, 'tbpb', ''),
(6369, 2269, 3, '4', 22, 'tapa', ''),
(6370, 2269, 3, '4', 59, 'tapb', ''),
(6371, 2269, 3, '4', 55, 'tbpa', ''),
(6372, 2269, 3, '4', 21, 'tbpb', ''),
(6421, 2270, 1, '1', 2, 'tapa', ''),
(6422, 2270, 1, '1', 59, 'tapb', ''),
(6423, 2270, 1, '1', 58, 'tbpa', ''),
(6424, 2270, 1, '1', 45, 'tbpb', ''),
(6425, 2270, 1, '2', 44, 'tapa', ''),
(6426, 2270, 1, '2', 52, 'tapb', ''),
(6427, 2270, 1, '2', 56, 'tbpa', ''),
(6428, 2270, 1, '2', 1, 'tbpb', ''),
(6429, 2270, 1, '3', 53, 'tapa', ''),
(6430, 2270, 1, '3', 57, 'tapb', ''),
(6431, 2270, 1, '3', 13, 'tbpa', ''),
(6432, 2270, 1, '3', 17, 'tbpb', ''),
(6433, 2270, 1, '4', 32, 'tapa', ''),
(6434, 2270, 1, '4', 35, 'tapb', ''),
(6435, 2270, 1, '4', 34, 'tbpa', ''),
(6436, 2270, 1, '4', 33, 'tbpb', ''),
(6437, 2270, 2, '1', 58, 'tapa', ''),
(6438, 2270, 2, '1', 17, 'tapb', ''),
(6439, 2270, 2, '1', 34, 'tbpa', ''),
(6440, 2270, 2, '1', 1, 'tbpb', ''),
(6441, 2270, 2, '2', 44, 'tapa', ''),
(6442, 2270, 2, '2', 57, 'tapb', ''),
(6443, 2270, 2, '2', 53, 'tbpa', ''),
(6444, 2270, 2, '2', 35, 'tbpb', ''),
(6445, 2270, 2, '3', 56, 'tapa', ''),
(6446, 2270, 2, '3', 33, 'tapb', ''),
(6447, 2270, 2, '3', 13, 'tbpa', ''),
(6448, 2270, 2, '3', 45, 'tbpb', ''),
(6449, 2270, 2, '4', 2, 'tapa', ''),
(6450, 2270, 2, '4', 52, 'tapb', ''),
(6451, 2270, 2, '4', 32, 'tbpa', ''),
(6452, 2270, 2, '4', 59, 'tbpb', ''),
(6453, 2270, 3, '1', 53, 'tapa', ''),
(6454, 2270, 3, '1', 45, 'tapb', ''),
(6455, 2270, 3, '1', 34, 'tbpa', ''),
(6456, 2270, 3, '1', 52, 'tbpb', ''),
(6457, 2270, 3, '2', 2, 'tapa', ''),
(6458, 2270, 3, '2', 35, 'tapb', ''),
(6459, 2270, 3, '2', 56, 'tbpa', ''),
(6460, 2270, 3, '2', 17, 'tbpb', ''),
(6461, 2270, 3, '3', 44, 'tapa', ''),
(6462, 2270, 3, '3', 59, 'tapb', ''),
(6463, 2270, 3, '3', 13, 'tbpa', ''),
(6464, 2270, 3, '3', 33, 'tbpb', ''),
(6465, 2270, 3, '4', 32, 'tapa', ''),
(6466, 2270, 3, '4', 57, 'tapb', ''),
(6467, 2270, 3, '4', 58, 'tbpa', ''),
(6468, 2270, 3, '4', 1, 'tbpb', ''),
(6709, 2273, 1, '1', 5, 'tapa', ''),
(6710, 2273, 1, '1', 7, 'tapb', ''),
(6711, 2273, 1, '1', 44, 'tbpa', ''),
(6712, 2273, 1, '1', 57, 'tbpb', ''),
(6713, 2273, 1, '2', 8, 'tapa', ''),
(6714, 2273, 1, '2', 1, 'tapb', ''),
(6715, 2273, 1, '2', 9, 'tbpa', ''),
(6716, 2273, 1, '2', 33, 'tbpb', ''),
(6717, 2273, 1, '3', 53, 'tapa', ''),
(6718, 2273, 1, '3', 45, 'tapb', ''),
(6719, 2273, 1, '3', 56, 'tbpa', ''),
(6720, 2273, 1, '3', 52, 'tbpb', ''),
(6721, 2273, 1, '4', 2, 'tapa', ''),
(6722, 2273, 1, '4', 10, 'tapb', ''),
(6723, 2273, 1, '4', 32, 'tbpa', ''),
(6724, 2273, 1, '4', 6, 'tbpb', ''),
(6725, 2273, 2, '1', 9, 'tapa', ''),
(6726, 2273, 2, '1', 10, 'tapb', ''),
(6727, 2273, 2, '1', 53, 'tbpa', ''),
(6728, 2273, 2, '1', 57, 'tbpb', ''),
(6729, 2273, 2, '2', 8, 'tapa', ''),
(6730, 2273, 2, '2', 33, 'tapb', ''),
(6731, 2273, 2, '2', 56, 'tbpa', ''),
(6732, 2273, 2, '2', 6, 'tbpb', ''),
(6733, 2273, 2, '3', 2, 'tapa', ''),
(6734, 2273, 2, '3', 45, 'tapb', ''),
(6735, 2273, 2, '3', 44, 'tbpa', ''),
(6736, 2273, 2, '3', 7, 'tbpb', ''),
(6737, 2273, 2, '4', 32, 'tapa', ''),
(6738, 2273, 2, '4', 1, 'tapb', ''),
(6739, 2273, 2, '4', 5, 'tbpa', ''),
(6740, 2273, 2, '4', 52, 'tbpb', ''),
(6741, 2273, 3, '1', 53, 'tapa', ''),
(6742, 2273, 3, '1', 52, 'tapb', ''),
(6743, 2273, 3, '1', 44, 'tbpa', ''),
(6744, 2273, 3, '1', 33, 'tbpb', ''),
(6745, 2273, 3, '2', 5, 'tapa', ''),
(6746, 2273, 3, '2', 1, 'tapb', ''),
(6747, 2273, 3, '2', 8, 'tbpa', ''),
(6748, 2273, 3, '2', 7, 'tbpb', ''),
(6749, 2273, 3, '3', 56, 'tapa', ''),
(6750, 2273, 3, '3', 57, 'tapb', ''),
(6751, 2273, 3, '3', 2, 'tbpa', ''),
(6752, 2273, 3, '3', 6, 'tbpb', ''),
(6753, 2273, 3, '4', 9, 'tapa', ''),
(6754, 2273, 3, '4', 45, 'tapb', ''),
(6755, 2273, 3, '4', 32, 'tbpa', ''),
(6756, 2273, 3, '4', 10, 'tbpb', ''),
(7297, 2351, 1, '1', 5, 'tapa', ''),
(7298, 2351, 1, '1', 56, 'tbpa', ''),
(7299, 2351, 1, '1', 17, 'tapb', ''),
(7300, 2351, 1, '1', 57, 'tbpb', ''),
(7301, 2351, 1, '2', 9, 'tapa', ''),
(7302, 2351, 1, '2', 32, 'tbpa', ''),
(7303, 2351, 1, '2', 33, 'tapb', ''),
(7304, 2351, 1, '2', 1, 'tbpb', ''),
(7305, 2351, 1, '3', 13, 'tapa', ''),
(7306, 2351, 1, '3', 2, 'tbpa', ''),
(7307, 2351, 1, '3', 6, 'tapb', ''),
(7308, 2351, 1, '3', 10, 'tbpb', ''),
(7309, 2351, 2, '1', 13, 'tapa', ''),
(7310, 2351, 2, '1', 9, 'tbpa', ''),
(7311, 2351, 2, '1', 57, 'tapb', ''),
(7312, 2351, 2, '1', 6, 'tbpb', ''),
(7313, 2351, 2, '2', 5, 'tapa', ''),
(7314, 2351, 2, '2', 2, 'tbpa', ''),
(7315, 2351, 2, '2', 1, 'tapb', ''),
(7316, 2351, 2, '2', 17, 'tbpb', ''),
(7317, 2351, 2, '3', 56, 'tapa', ''),
(7318, 2351, 2, '3', 32, 'tbpa', ''),
(7319, 2351, 2, '3', 10, 'tapb', ''),
(7320, 2351, 2, '3', 33, 'tbpb', ''),
(7345, 2352, 1, '1', 38, 'tapa', ''),
(7346, 2352, 1, '1', 22, 'tbpa', ''),
(7347, 2352, 1, '1', 21, 'tapb', ''),
(7348, 2352, 1, '1', 10, 'tbpb', ''),
(7349, 2352, 1, '2', 5, 'tapa', ''),
(7350, 2352, 1, '2', 8, 'tbpa', ''),
(7351, 2352, 1, '2', 54, 'tapb', ''),
(7352, 2352, 1, '2', 39, 'tbpb', ''),
(7353, 2352, 1, '3', 55, 'tapa', ''),
(7354, 2352, 1, '3', 9, 'tbpa', ''),
(7355, 2352, 1, '3', 6, 'tapb', ''),
(7356, 2352, 1, '3', 7, 'tbpb', ''),
(7357, 2352, 2, '1', 55, 'tapa', ''),
(7358, 2352, 2, '1', 8, 'tbpa', ''),
(7359, 2352, 2, '1', 21, 'tapb', ''),
(7360, 2352, 2, '1', 54, 'tbpb', ''),
(7361, 2352, 2, '2', 9, 'tapa', ''),
(7362, 2352, 2, '2', 38, 'tbpa', ''),
(7363, 2352, 2, '2', 39, 'tapb', ''),
(7364, 2352, 2, '2', 7, 'tbpb', ''),
(7365, 2352, 2, '3', 5, 'tapa', ''),
(7366, 2352, 2, '3', 22, 'tbpa', ''),
(7367, 2352, 2, '3', 10, 'tapb', ''),
(7368, 2352, 2, '3', 6, 'tbpb', ''),
(7393, 2354, 2, '1', 44, 'tapa', ''),
(7394, 2354, 2, '1', 8, 'tbpa', ''),
(7395, 2354, 2, '1', 59, 'tapb', ''),
(7396, 2354, 2, '1', 45, 'tbpb', ''),
(7397, 2354, 2, '2', 38, 'tapa', ''),
(7398, 2354, 2, '2', 5, 'tbpa', ''),
(7399, 2354, 2, '2', 6, 'tapb', ''),
(7400, 2354, 2, '2', 54, 'tbpb', ''),
(7401, 2354, 2, '3', 58, 'tapa', ''),
(7402, 2354, 2, '3', 55, 'tbpa', ''),
(7403, 2354, 2, '3', 39, 'tapb', ''),
(7404, 2354, 2, '3', 7, 'tbpb', ''),
(7405, 2354, 3, '1', 44, 'tapa', ''),
(7406, 2354, 3, '1', 58, 'tbpa', ''),
(7407, 2354, 3, '1', 6, 'tapb', ''),
(7408, 2354, 3, '1', 59, 'tbpb', ''),
(7409, 2354, 3, '2', 38, 'tapa', ''),
(7410, 2354, 3, '2', 8, 'tbpa', ''),
(7411, 2354, 3, '2', 45, 'tapb', ''),
(7412, 2354, 3, '2', 39, 'tbpb', ''),
(7413, 2354, 3, '3', 55, 'tapa', ''),
(7414, 2354, 3, '3', 5, 'tbpa', ''),
(7415, 2354, 3, '3', 54, 'tapb', ''),
(7416, 2354, 3, '3', 7, 'tbpb', ''),
(7417, 2354, 1, '1', 8, 'tapa', ''),
(7418, 2354, 1, '1', 58, 'tbpa', ''),
(7419, 2354, 1, '1', 59, 'tapb', ''),
(7420, 2354, 1, '1', 7, 'tbpb', ''),
(7421, 2354, 1, '2', 55, 'tapa', ''),
(7422, 2354, 1, '2', 38, 'tbpa', ''),
(7423, 2354, 1, '2', 45, 'tapb', ''),
(7424, 2354, 1, '2', 54, 'tbpb', ''),
(7425, 2354, 1, '3', 5, 'tapa', ''),
(7426, 2354, 1, '3', 44, 'tbpa', ''),
(7427, 2354, 1, '3', 6, 'tapb', ''),
(7428, 2354, 1, '3', 39, 'tbpb', ''),
(7429, 2355, 1, '1', 8, 'tapa', ''),
(7430, 2355, 1, '1', 5, 'tbpa', ''),
(7431, 2355, 1, '1', 67, 'tapb', ''),
(7432, 2355, 1, '1', 59, 'tbpb', ''),
(7433, 2355, 1, '2', 58, 'tapa', ''),
(7434, 2355, 1, '2', 22, 'tbpa', ''),
(7435, 2355, 1, '2', 17, 'tapb', ''),
(7436, 2355, 1, '2', 6, 'tbpb', ''),
(7437, 2355, 1, '3', 13, 'tapa', ''),
(7438, 2355, 1, '3', 9, 'tbpa', ''),
(7439, 2355, 1, '3', 10, 'tapb', ''),
(7440, 2355, 1, '3', 21, 'tbpb', ''),
(7441, 2355, 2, '1', 8, 'tapa', ''),
(7442, 2355, 2, '1', 58, 'tbpa', ''),
(7443, 2355, 2, '1', 10, 'tapb', ''),
(7444, 2355, 2, '1', 6, 'tbpb', ''),
(7445, 2355, 2, '2', 5, 'tapa', ''),
(7446, 2355, 2, '2', 9, 'tbpa', ''),
(7447, 2355, 2, '2', 67, 'tapb', ''),
(7448, 2355, 2, '2', 17, 'tbpb', ''),
(7449, 2355, 2, '3', 22, 'tapa', ''),
(7450, 2355, 2, '3', 13, 'tbpa', ''),
(7451, 2355, 2, '3', 59, 'tapb', ''),
(7452, 2355, 2, '3', 21, 'tbpb', ''),
(7873, 2356, 1, '1', 56, 'tapa', ''),
(7874, 2356, 1, '1', 44, 'tbpa', ''),
(7875, 2356, 1, '1', 7, 'tapb', ''),
(7876, 2356, 1, '1', 6, 'tbpb', ''),
(7877, 2356, 1, '2', 5, 'tapa', ''),
(7878, 2356, 1, '2', 13, 'tbpa', ''),
(7879, 2356, 1, '2', 1, 'tapb', ''),
(7880, 2356, 1, '2', 17, 'tbpb', ''),
(7881, 2356, 1, '3', 2, 'tapa', ''),
(7882, 2356, 1, '3', 55, 'tbpa', ''),
(7883, 2356, 1, '3', 54, 'tapb', ''),
(7884, 2356, 1, '3', 45, 'tbpb', ''),
(7885, 2356, 2, '1', 55, 'tapa', ''),
(7886, 2356, 2, '1', 5, 'tbpa', ''),
(7887, 2356, 2, '1', 1, 'tapb', ''),
(7888, 2356, 2, '1', 6, 'tbpb', ''),
(7889, 2356, 2, '2', 13, 'tapa', ''),
(7890, 2356, 2, '2', 56, 'tbpa', ''),
(7891, 2356, 2, '2', 54, 'tapb', ''),
(7892, 2356, 2, '2', 17, 'tbpb', ''),
(7893, 2356, 2, '3', 2, 'tapa', ''),
(7894, 2356, 2, '3', 44, 'tbpa', ''),
(7895, 2356, 2, '3', 45, 'tapb', ''),
(7896, 2356, 2, '3', 7, 'tbpb', ''),
(9613, 2357, 1, '1', 9, 'tapa', ''),
(9614, 2357, 1, '1', 22, 'tbpa', ''),
(9615, 2357, 1, '1', 21, 'tapb', ''),
(9616, 2357, 1, '1', 59, 'tbpb', ''),
(9617, 2357, 1, '2', 44, 'tapa', ''),
(9618, 2357, 1, '2', 58, 'tbpa', ''),
(9619, 2357, 1, '2', 1, 'tapb', ''),
(9620, 2357, 1, '2', 10, 'tbpb', ''),
(9621, 2357, 1, '3', 5, 'tapa', ''),
(9622, 2357, 1, '3', 2, 'tbpa', ''),
(9623, 2357, 1, '3', 6, 'tapb', ''),
(9624, 2357, 1, '3', 45, 'tbpb', ''),
(9625, 2357, 2, '1', 9, 'tapa', ''),
(9626, 2357, 2, '1', 2, 'tbpa', ''),
(9627, 2357, 2, '1', 45, 'tapb', ''),
(9628, 2357, 2, '1', 10, 'tbpb', ''),
(9629, 2357, 2, '2', 44, 'tapa', ''),
(9630, 2357, 2, '2', 5, 'tbpa', ''),
(9631, 2357, 2, '2', 6, 'tapb', ''),
(9632, 2357, 2, '2', 59, 'tbpb', ''),
(9633, 2357, 2, '3', 58, 'tapa', ''),
(9634, 2357, 2, '3', 22, 'tbpa', ''),
(9635, 2357, 2, '3', 1, 'tapb', ''),
(9636, 2357, 2, '3', 21, 'tbpb', ''),
(9637, 2357, 3, '1', 9, 'tapa', ''),
(9638, 2357, 3, '1', 44, 'tbpa', ''),
(9639, 2357, 3, '1', 59, 'tapb', ''),
(9640, 2357, 3, '1', 10, 'tbpb', ''),
(9641, 2357, 3, '2', 58, 'tapa', ''),
(9642, 2357, 3, '2', 2, 'tbpa', ''),
(9643, 2357, 3, '2', 21, 'tapb', ''),
(9644, 2357, 3, '2', 6, 'tbpb', ''),
(9645, 2357, 3, '3', 22, 'tapa', ''),
(9646, 2357, 3, '3', 5, 'tbpa', ''),
(9647, 2357, 3, '3', 45, 'tapb', ''),
(9648, 2357, 3, '3', 1, 'tbpb', ''),
(9793, 2358, 1, '1', 9, 'tapa', ''),
(9794, 2358, 1, '1', 56, 'tbpa', ''),
(9795, 2358, 1, '1', 54, 'tapb', ''),
(9796, 2358, 1, '1', 17, 'tbpb', ''),
(9797, 2358, 1, '2', 8, 'tapa', ''),
(9798, 2358, 1, '2', 5, 'tbpa', ''),
(9799, 2358, 1, '2', 6, 'tapb', ''),
(9800, 2358, 1, '2', 1, 'tbpb', ''),
(9801, 2358, 1, '3', 2, 'tapa', ''),
(9802, 2358, 1, '3', 55, 'tbpa', ''),
(9803, 2358, 1, '3', 57, 'tapb', ''),
(9804, 2358, 1, '3', 7, 'tbpb', ''),
(9805, 2358, 2, '1', 9, 'tapa', ''),
(9806, 2358, 2, '1', 5, 'tbpa', ''),
(9807, 2358, 2, '1', 1, 'tapb', ''),
(9808, 2358, 2, '1', 7, 'tbpb', ''),
(9809, 2358, 2, '2', 8, 'tapa', ''),
(9810, 2358, 2, '2', 55, 'tbpa', ''),
(9811, 2358, 2, '2', 57, 'tapb', ''),
(9812, 2358, 2, '2', 17, 'tbpb', ''),
(9813, 2358, 2, '3', 2, 'tapa', ''),
(9814, 2358, 2, '3', 56, 'tbpa', ''),
(9815, 2358, 2, '3', 6, 'tapb', ''),
(9816, 2358, 2, '3', 54, 'tbpb', ''),
(9817, 2358, 3, '1', 9, 'tapa', ''),
(9818, 2358, 3, '1', 55, 'tbpa', ''),
(9819, 2358, 3, '1', 17, 'tapb', ''),
(9820, 2358, 3, '1', 1, 'tbpb', ''),
(9821, 2358, 3, '2', 8, 'tapa', ''),
(9822, 2358, 3, '2', 2, 'tbpa', ''),
(9823, 2358, 3, '2', 7, 'tapb', ''),
(9824, 2358, 3, '2', 54, 'tbpb', ''),
(9825, 2358, 3, '3', 5, 'tapa', ''),
(9826, 2358, 3, '3', 56, 'tbpa', ''),
(9827, 2358, 3, '3', 6, 'tapb', ''),
(9828, 2358, 3, '3', 57, 'tbpb', ''),
(9865, 2359, 1, '1', 9, 'tapa', ''),
(9866, 2359, 1, '1', 56, 'tbpa', ''),
(9867, 2359, 1, '1', 21, 'tapb', ''),
(9868, 2359, 1, '1', 39, 'tbpb', ''),
(9869, 2359, 1, '2', 38, 'tapa', ''),
(9870, 2359, 1, '2', 55, 'tbpa', ''),
(9871, 2359, 1, '2', 17, 'tapb', ''),
(9872, 2359, 1, '2', 57, 'tbpb', ''),
(9873, 2359, 1, '3', 22, 'tapa', ''),
(9874, 2359, 1, '3', 13, 'tbpa', ''),
(9875, 2359, 1, '3', 54, 'tapb', ''),
(9876, 2359, 1, '3', 6, 'tbpb', ''),
(9877, 2359, 2, '1', 9, 'tapa', ''),
(9878, 2359, 2, '1', 38, 'tbpa', ''),
(9879, 2359, 2, '1', 57, 'tapb', ''),
(9880, 2359, 2, '1', 39, 'tbpb', ''),
(9881, 2359, 2, '2', 22, 'tapa', ''),
(9882, 2359, 2, '2', 55, 'tbpa', ''),
(9883, 2359, 2, '2', 6, 'tapb', ''),
(9884, 2359, 2, '2', 17, 'tbpb', ''),
(9885, 2359, 2, '3', 56, 'tapa', ''),
(9886, 2359, 2, '3', 13, 'tbpa', ''),
(9887, 2359, 2, '3', 54, 'tapb', ''),
(9888, 2359, 2, '3', 21, 'tbpb', ''),
(9889, 2359, 3, '1', 9, 'tapa', ''),
(9890, 2359, 3, '1', 22, 'tbpa', ''),
(9891, 2359, 3, '1', 17, 'tapb', ''),
(9892, 2359, 3, '1', 21, 'tbpb', ''),
(9893, 2359, 3, '2', 38, 'tapa', ''),
(9894, 2359, 3, '2', 13, 'tbpa', ''),
(9895, 2359, 3, '2', 6, 'tapb', ''),
(9896, 2359, 3, '2', 39, 'tbpb', ''),
(9897, 2359, 3, '3', 56, 'tapa', ''),
(9898, 2359, 3, '3', 55, 'tbpa', ''),
(9899, 2359, 3, '3', 57, 'tapb', ''),
(9900, 2359, 3, '3', 54, 'tbpb', ''),
(10189, 2360, 1, '1', 58, 'tapa', ''),
(10190, 2360, 1, '1', 22, 'tbpa', ''),
(10191, 2360, 1, '1', 1, 'tapb', ''),
(10192, 2360, 1, '1', 21, 'tbpb', ''),
(10193, 2360, 1, '2', 44, 'tapa', ''),
(10194, 2360, 1, '2', 56, 'tbpa', ''),
(10195, 2360, 1, '2', 70, 'tapb', ''),
(10196, 2360, 1, '2', 59, 'tbpb', ''),
(10197, 2360, 1, '3', 71, 'tapa', ''),
(10198, 2360, 1, '3', 2, 'tbpa', ''),
(10199, 2360, 1, '3', 45, 'tapb', ''),
(10200, 2360, 1, '3', 57, 'tbpb', ''),
(10201, 2360, 2, '1', 58, 'tapa', ''),
(10202, 2360, 2, '1', 71, 'tbpa', ''),
(10203, 2360, 2, '1', 45, 'tapb', ''),
(10204, 2360, 2, '1', 21, 'tbpb', ''),
(10205, 2360, 2, '2', 44, 'tapa', ''),
(10206, 2360, 2, '2', 22, 'tbpa', ''),
(10207, 2360, 2, '2', 57, 'tapb', ''),
(10208, 2360, 2, '2', 70, 'tbpb', ''),
(10209, 2360, 2, '3', 56, 'tapa', ''),
(10210, 2360, 2, '3', 2, 'tbpa', ''),
(10211, 2360, 2, '3', 1, 'tapb', ''),
(10212, 2360, 2, '3', 59, 'tbpb', ''),
(10213, 2360, 3, '1', 58, 'tapa', ''),
(10214, 2360, 3, '1', 2, 'tbpa', ''),
(10215, 2360, 3, '1', 70, 'tapb', ''),
(10216, 2360, 3, '1', 45, 'tbpb', ''),
(10217, 2360, 3, '2', 44, 'tapa', ''),
(10218, 2360, 3, '2', 71, 'tbpa', ''),
(10219, 2360, 3, '2', 21, 'tapb', ''),
(10220, 2360, 3, '2', 59, 'tbpb', ''),
(10221, 2360, 3, '3', 22, 'tapa', ''),
(10222, 2360, 3, '3', 56, 'tbpa', ''),
(10223, 2360, 3, '3', 1, 'tapb', ''),
(10224, 2360, 3, '3', 57, 'tbpb', ''),
(10333, 2361, 1, '1', 73, 'tapa', ''),
(10334, 2361, 1, '1', 2, 'tbpa', ''),
(10335, 2361, 1, '1', 17, 'tapb', ''),
(10336, 2361, 1, '1', 6, 'tbpb', ''),
(10337, 2361, 1, '2', 8, 'tapa', ''),
(10338, 2361, 1, '2', 5, 'tbpa', ''),
(10339, 2361, 1, '2', 1, 'tapb', ''),
(10340, 2361, 1, '2', 48, 'tbpb', ''),
(10341, 2361, 1, '3', 44, 'tapa', ''),
(10342, 2361, 1, '3', 13, 'tbpa', ''),
(10343, 2361, 1, '3', 72, 'tapb', ''),
(10344, 2361, 1, '3', 45, 'tbpb', ''),
(10345, 2361, 2, '1', 73, 'tapa', ''),
(10346, 2361, 2, '1', 8, 'tbpa', ''),
(10347, 2361, 2, '1', 6, 'tapb', ''),
(10348, 2361, 2, '1', 72, 'tbpb', ''),
(10349, 2361, 2, '2', 44, 'tapa', ''),
(10350, 2361, 2, '2', 2, 'tbpa', ''),
(10351, 2361, 2, '2', 48, 'tapb', ''),
(10352, 2361, 2, '2', 45, 'tbpb', ''),
(10353, 2361, 2, '3', 5, 'tapa', ''),
(10354, 2361, 2, '3', 13, 'tbpa', ''),
(10355, 2361, 2, '3', 1, 'tapb', ''),
(10356, 2361, 2, '3', 17, 'tbpb', ''),
(10357, 2361, 3, '1', 73, 'tapa', ''),
(10358, 2361, 3, '1', 44, 'tbpa', ''),
(10359, 2361, 3, '1', 72, 'tapb', ''),
(10360, 2361, 3, '1', 1, 'tbpb', ''),
(10361, 2361, 3, '2', 8, 'tapa', ''),
(10362, 2361, 3, '2', 13, 'tbpa', ''),
(10363, 2361, 3, '2', 48, 'tapb', ''),
(10364, 2361, 3, '2', 6, 'tbpb', ''),
(10365, 2361, 3, '3', 5, 'tapa', ''),
(10366, 2361, 3, '3', 2, 'tbpa', ''),
(10367, 2361, 3, '3', 45, 'tapb', ''),
(10368, 2361, 3, '3', 17, 'tbpb', ''),
(10549, 2362, 1, '1', 13, 'tapa', ''),
(10550, 2362, 1, '1', 56, 'tbpa', ''),
(10551, 2362, 1, '1', 45, 'tapb', ''),
(10552, 2362, 1, '1', 6, 'tbpb', ''),
(10553, 2362, 1, '2', 9, 'tapa', ''),
(10554, 2362, 1, '2', 58, 'tbpa', ''),
(10555, 2362, 1, '2', 7, 'tapb', ''),
(10556, 2362, 1, '2', 39, 'tbpb', ''),
(10557, 2362, 1, '3', 8, 'tapa', ''),
(10558, 2362, 1, '3', 38, 'tbpa', ''),
(10559, 2362, 1, '3', 57, 'tapb', ''),
(10560, 2362, 1, '3', 10, 'tbpb', ''),
(10561, 2362, 2, '1', 13, 'tapa', ''),
(10562, 2362, 2, '1', 38, 'tbpa', ''),
(10563, 2362, 2, '1', 57, 'tapb', ''),
(10564, 2362, 2, '1', 7, 'tbpb', ''),
(10565, 2362, 2, '2', 9, 'tapa', ''),
(10566, 2362, 2, '2', 8, 'tbpa', ''),
(10567, 2362, 2, '2', 45, 'tapb', ''),
(10568, 2362, 2, '2', 10, 'tbpb', ''),
(10569, 2362, 2, '3', 58, 'tapa', ''),
(10570, 2362, 2, '3', 56, 'tbpa', ''),
(10571, 2362, 2, '3', 6, 'tapb', ''),
(10572, 2362, 2, '3', 39, 'tbpb', ''),
(10573, 2362, 3, '1', 13, 'tapa', ''),
(10574, 2362, 3, '1', 9, 'tbpa', ''),
(10575, 2362, 3, '1', 6, 'tapb', ''),
(10576, 2362, 3, '1', 10, 'tbpb', ''),
(10577, 2362, 3, '2', 8, 'tapa', ''),
(10578, 2362, 3, '2', 56, 'tbpa', ''),
(10579, 2362, 3, '2', 39, 'tapb', ''),
(10580, 2362, 3, '2', 57, 'tbpb', ''),
(10581, 2362, 3, '3', 58, 'tapa', ''),
(10582, 2362, 3, '3', 38, 'tbpa', ''),
(10583, 2362, 3, '3', 7, 'tapb', ''),
(10584, 2362, 3, '3', 45, 'tbpb', '');

-- --------------------------------------------------------

--
-- Table structure for table `teams`
--

CREATE TABLE IF NOT EXISTS `teams` (
  `team_id` int(16) NOT NULL auto_increment,
  `ta_pa` int(16) NOT NULL,
  `ta_pb` int(11) NOT NULL,
  `ta_ntrp` float NOT NULL,
  `ta_untrp` float NOT NULL,
  `tb_pa` int(11) NOT NULL,
  `tb_pb` int(11) NOT NULL,
  `tb_ntrp` float NOT NULL,
  `tb_untrp` float NOT NULL,
  `season` varchar(12) NOT NULL default '2008 fall',
  PRIMARY KEY  (`team_id`)
) ENGINE=InnoDB DEFAULT CHARSET=latin1 AUTO_INCREMENT=1 ;

--
-- Dumping data for table `teams`
--


-- --------------------------------------------------------

--
-- Table structure for table `tmp_couples`
--

CREATE TABLE IF NOT EXISTS `tmp_couples` (
  `cid` int(16) NOT NULL auto_increment,
  `m_pid` int(16) default NULL,
  `m_name` varchar(60) default NULL,
  `m_ntrp` float default NULL,
  `m_untrp` float default NULL,
  `f_pid` int(8) default NULL,
  `f_name` varchar(60) default NULL,
  `f_ntrp` float default NULL,
  `f_untrp` float default NULL,
  `c_ntrp` float default NULL,
  `c_untrp` float default NULL,
  PRIMARY KEY  (`cid`)
) ENGINE=MyISAM  DEFAULT CHARSET=latin1 AUTO_INCREMENT=37 ;

--
-- Dumping data for table `tmp_couples`
--

INSERT INTO `tmp_couples` (`cid`, `m_pid`, `m_name`, `m_ntrp`, `m_untrp`, `f_pid`, `f_name`, `f_ntrp`, `f_untrp`, `c_ntrp`, `c_untrp`) VALUES
(1, 1, 'Linda Bloomer', 4, 4, 2, 'Jonathan Bloomer', 4, 4.1, 8, 8.1),
(2, 6, 'Vicki Henderson', 4, 4, 2, 'Jonathan Bloomer', 4, 4.1, 8, 8.1),
(3, 21, 'Jenny Grunke', 4, 4.2, 2, 'Jonathan Bloomer', 4, 4.1, 8, 8.3),
(4, 39, 'Lisa Bettis', 3.5, 3.4, 2, 'Jonathan Bloomer', 4, 4.1, 7.5, 7.5),
(5, 45, 'Corie Pearce', 4, 4.15, 2, 'Jonathan Bloomer', 4, 4.1, 8, 8.25),
(6, 59, 'Gina Sharp', 4.5, 4.5, 2, 'Jonathan Bloomer', 4, 4.1, 8.5, 8.6),
(7, 1, 'Linda Bloomer', 4, 4, 5, 'Ed Henderson', 3.5, 3.8, 7.5, 7.8),
(8, 6, 'Vicki Henderson', 4, 4, 5, 'Ed Henderson', 3.5, 3.8, 7.5, 7.8),
(9, 21, 'Jenny Grunke', 4, 4.2, 5, 'Ed Henderson', 3.5, 3.8, 7.5, 8),
(10, 39, 'Lisa Bettis', 3.5, 3.4, 5, 'Ed Henderson', 3.5, 3.8, 7, 7.2),
(11, 45, 'Corie Pearce', 4, 4.15, 5, 'Ed Henderson', 3.5, 3.8, 7.5, 7.95),
(12, 59, 'Gina Sharp', 4.5, 4.5, 5, 'Ed Henderson', 3.5, 3.8, 8, 8.3),
(13, 1, 'Linda Bloomer', 4, 4, 22, 'James Grunke', 3.5, 3.65, 7.5, 7.65),
(14, 6, 'Vicki Henderson', 4, 4, 22, 'James Grunke', 3.5, 3.65, 7.5, 7.65),
(15, 21, 'Jenny Grunke', 4, 4.2, 22, 'James Grunke', 3.5, 3.65, 7.5, 7.85),
(16, 39, 'Lisa Bettis', 3.5, 3.4, 22, 'James Grunke', 3.5, 3.65, 7, 7.05),
(17, 45, 'Corie Pearce', 4, 4.15, 22, 'James Grunke', 3.5, 3.65, 7.5, 7.8),
(18, 59, 'Gina Sharp', 4.5, 4.5, 22, 'James Grunke', 3.5, 3.65, 8, 8.15),
(19, 1, 'Linda Bloomer', 4, 4, 38, 'Dave Bettis', 3.5, 3.4, 7.5, 7.4),
(20, 6, 'Vicki Henderson', 4, 4, 38, 'Dave Bettis', 3.5, 3.4, 7.5, 7.4),
(21, 21, 'Jenny Grunke', 4, 4.2, 38, 'Dave Bettis', 3.5, 3.4, 7.5, 7.6),
(22, 39, 'Lisa Bettis', 3.5, 3.4, 38, 'Dave Bettis', 3.5, 3.4, 7, 6.8),
(23, 45, 'Corie Pearce', 4, 4.15, 38, 'Dave Bettis', 3.5, 3.4, 7.5, 7.55),
(24, 59, 'Gina Sharp', 4.5, 4.5, 38, 'Dave Bettis', 3.5, 3.4, 8, 7.9),
(25, 1, 'Linda Bloomer', 4, 4, 44, 'John Pearce', 4.5, 4.5, 8.5, 8.5),
(26, 6, 'Vicki Henderson', 4, 4, 44, 'John Pearce', 4.5, 4.5, 8.5, 8.5),
(27, 21, 'Jenny Grunke', 4, 4.2, 44, 'John Pearce', 4.5, 4.5, 8.5, 8.7),
(28, 39, 'Lisa Bettis', 3.5, 3.4, 44, 'John Pearce', 4.5, 4.5, 8, 7.9),
(29, 45, 'Corie Pearce', 4, 4.15, 44, 'John Pearce', 4.5, 4.5, 8.5, 8.65),
(30, 59, 'Gina Sharp', 4.5, 4.5, 44, 'John Pearce', 4.5, 4.5, 9, 9),
(31, 1, 'Linda Bloomer', 4, 4, 58, 'Bill Sharp', 4, 4, 8, 8),
(32, 6, 'Vicki Henderson', 4, 4, 58, 'Bill Sharp', 4, 4, 8, 8),
(33, 21, 'Jenny Grunke', 4, 4.2, 58, 'Bill Sharp', 4, 4, 8, 8.2),
(34, 39, 'Lisa Bettis', 3.5, 3.4, 58, 'Bill Sharp', 4, 4, 7.5, 7.4),
(35, 45, 'Corie Pearce', 4, 4.15, 58, 'Bill Sharp', 4, 4, 8, 8.15),
(36, 59, 'Gina Sharp', 4.5, 4.5, 58, 'Bill Sharp', 4, 4, 8.5, 8.5);

-- --------------------------------------------------------

--
-- Table structure for table `tmp_players`
--

CREATE TABLE IF NOT EXISTS `tmp_players` (
  `pid` int(8) default NULL
) ENGINE=MyISAM DEFAULT CHARSET=latin1;

--
-- Dumping data for table `tmp_players`
--

INSERT INTO `tmp_players` (`pid`) VALUES
(5),
(6),
(44),
(45),
(58),
(59),
(2),
(1),
(22),
(21),
(38),
(39);

-- --------------------------------------------------------

--
-- Stand-in structure for view `tmp_players_view`
--
CREATE TABLE IF NOT EXISTS `tmp_players_view` (
`pid` int(8)
,`firstname` varchar(40)
,`lastname` varchar(60)
,`gender` varchar(1)
,`NTRP` float
,`microNTRP` float
);
-- --------------------------------------------------------

--
-- Table structure for table `users`
--

CREATE TABLE IF NOT EXISTS `users` (
  `user_id` int(8) NOT NULL auto_increment,
  `username` varchar(20) NOT NULL,
  `password` varchar(32) NOT NULL,
  PRIMARY KEY  (`user_id`)
) ENGINE=InnoDB  DEFAULT CHARSET=latin1 AUTO_INCREMENT=4 ;

--
-- Dumping data for table `users`
--

INSERT INTO `users` (`user_id`, `username`, `password`) VALUES
(1, 'kutenai', '46730ce4707e8302dc1dc1bd7f3eb575'),
(2, 'ednh', 'a5944c0b4cae8984a2c6095c84426f36'),
(3, 'fntennis', 'c4cbf6c9371a6e0232632aae111e6b60');

-- --------------------------------------------------------

--
-- Structure for view `tmp_players_view`
--
DROP TABLE IF EXISTS `tmp_players_view`;

CREATE ALGORITHM=UNDEFINED DEFINER=`fnt_user`@`%` SQL SECURITY DEFINER VIEW `friday_tennis`.`tmp_players_view` AS select `p`.`PID` AS `pid`,`p`.`firstname` AS `firstname`,`p`.`lastname` AS `lastname`,`p`.`gender` AS `gender`,`p`.`NTRP` AS `NTRP`,`p`.`microNTRP` AS `microNTRP` from (`friday_tennis`.`players` `p` join `friday_tennis`.`tmp_players` `tp`) where (`p`.`PID` = `tp`.`pid`);
