-- phpMyAdmin SQL Dump
-- version 2.11.9.1
-- http://www.phpmyadmin.net
--
-- Host: localhost
-- Generation Time: Feb 26, 2009 at 08:10 PM
-- Server version: 5.0.67
-- PHP Version: 5.2.6

SET SQL_MODE="NO_AUTO_VALUE_ON_ZERO";


/*!40101 SET @OLD_CHARACTER_SET_CLIENT=@@CHARACTER_SET_CLIENT */;
/*!40101 SET @OLD_CHARACTER_SET_RESULTS=@@CHARACTER_SET_RESULTS */;
/*!40101 SET @OLD_COLLATION_CONNECTION=@@COLLATION_CONNECTION */;
/*!40101 SET NAMES utf8 */;

--
-- Database: `friday_tennis`
--

-- --------------------------------------------------------

--
-- Table structure for table `availability`
--

DROP TABLE IF EXISTS `availability`;
CREATE TABLE IF NOT EXISTS `availability` (
  `PID` int(8) NOT NULL,
  `date` date NOT NULL,
  `unavailable` tinyint(1) NOT NULL,
  `Reason` text NOT NULL,
  `season` varchar(12) NOT NULL default '2008 fall',
  KEY `date` (`date`),
  KEY `PID` (`PID`)
) ENGINE=InnoDB DEFAULT CHARSET=latin1;

--
-- Dumping data for table `availability`
--

INSERT INTO `availability` (`PID`, `date`, `unavailable`, `Reason`, `season`) VALUES
(4, '2008-09-26', 1, '', '2008 fall'),
(4, '2008-10-17', 1, '', '2008 fall'),
(4, '2008-11-28', 1, '', '2008 fall'),
(4, '2008-12-05', 1, '', '2008 fall'),
(4, '2008-12-12', 1, '', '2008 fall'),
(4, '2009-01-02', 1, '', '2008 fall'),
(4, '2009-01-09', 1, '', '2008 fall'),
(3, '2008-09-26', 1, '', '2008 fall'),
(3, '2008-10-17', 1, '', '2008 fall'),
(3, '2008-11-28', 1, '', '2008 fall'),
(3, '2008-12-05', 1, '', '2008 fall'),
(3, '2008-12-12', 1, '', '2008 fall'),
(3, '2009-01-02', 1, '', '2008 fall'),
(3, '2009-01-09', 1, '', '2008 fall'),
(5, '2008-10-10', 1, '', '2008 fall'),
(8, '2008-09-26', 1, '', '2008 fall'),
(7, '2008-09-26', 1, '', '2008 fall'),
(7, '2008-10-24', 1, '', '2008 fall'),
(7, '2008-11-07', 1, '', '2008 fall'),
(9, '2008-09-26', 1, '', '2008 fall'),
(9, '2008-10-03', 1, '', '2008 fall'),
(9, '2008-11-07', 1, '', '2008 fall'),
(10, '2008-09-26', 1, '', '2008 fall'),
(10, '2008-10-03', 1, '', '2008 fall'),
(10, '2008-11-07', 1, '', '2008 fall'),
(12, '2008-10-17', 1, '', '2008 fall'),
(12, '2008-11-28', 1, '', '2008 fall'),
(11, '2008-10-17', 1, '', '2008 fall'),
(11, '2008-11-28', 1, '', '2008 fall'),
(14, '2008-09-26', 1, '', '2008 fall'),
(14, '2008-10-24', 1, '', '2008 fall'),
(14, '2008-10-31', 1, '', '2008 fall'),
(16, '2008-10-03', 1, '', '2008 fall'),
(16, '2008-10-17', 1, '', '2008 fall'),
(16, '2008-11-28', 1, '', '2008 fall'),
(15, '2008-10-03', 1, '', '2008 fall'),
(15, '2008-10-17', 1, '', '2008 fall'),
(15, '2008-11-28', 1, '', '2008 fall'),
(15, '2008-12-12', 1, '', '2008 fall'),
(18, '2008-09-26', 1, '', '2008 fall'),
(18, '2008-10-17', 1, '', '2008 fall'),
(18, '2008-11-28', 1, '', '2008 fall'),
(18, '2008-12-12', 1, '', '2008 fall'),
(17, '2008-09-26', 1, '', '2008 fall'),
(17, '2008-10-17', 1, '', '2008 fall'),
(17, '2008-11-28', 1, '', '2008 fall'),
(20, '2008-09-26', 1, '', '2008 fall'),
(19, '2008-09-26', 1, '', '2008 fall'),
(22, '2008-10-31', 1, '', '2008 fall'),
(22, '2008-11-14', 1, '', '2008 fall'),
(21, '2008-10-31', 1, '', '2008 fall'),
(21, '2008-11-14', 1, '', '2008 fall'),
(4, '2008-09-26', 1, '', '2008 fall'),
(4, '2008-10-17', 1, '', '2008 fall'),
(4, '2008-11-28', 1, '', '2008 fall'),
(4, '2008-12-05', 1, '', '2008 fall'),
(4, '2008-12-12', 1, '', '2008 fall'),
(4, '2009-01-02', 1, '', '2008 fall'),
(4, '2009-01-09', 1, '', '2008 fall'),
(3, '2008-09-26', 1, '', '2008 fall'),
(3, '2008-10-17', 1, '', '2008 fall'),
(3, '2008-11-28', 1, '', '2008 fall'),
(3, '2008-12-05', 1, '', '2008 fall'),
(3, '2008-12-12', 1, '', '2008 fall'),
(3, '2009-01-02', 1, '', '2008 fall'),
(3, '2009-01-09', 1, '', '2008 fall'),
(5, '2008-10-10', 1, '', '2008 fall'),
(8, '2008-09-26', 1, '', '2008 fall'),
(7, '2008-09-26', 1, '', '2008 fall'),
(7, '2008-10-24', 1, '', '2008 fall'),
(7, '2008-11-07', 1, '', '2008 fall'),
(9, '2008-09-26', 1, '', '2008 fall'),
(9, '2008-10-03', 1, '', '2008 fall'),
(9, '2008-11-07', 1, '', '2008 fall'),
(10, '2008-09-26', 1, '', '2008 fall'),
(10, '2008-10-03', 1, '', '2008 fall'),
(10, '2008-11-07', 1, '', '2008 fall'),
(12, '2008-10-17', 1, '', '2008 fall'),
(12, '2008-11-28', 1, '', '2008 fall'),
(11, '2008-10-17', 1, '', '2008 fall'),
(11, '2008-11-28', 1, '', '2008 fall'),
(14, '2008-09-26', 1, '', '2008 fall'),
(14, '2008-10-24', 1, '', '2008 fall'),
(14, '2008-10-31', 1, '', '2008 fall'),
(16, '2008-10-03', 1, '', '2008 fall'),
(16, '2008-10-17', 1, '', '2008 fall'),
(16, '2008-11-28', 1, '', '2008 fall'),
(15, '2008-10-03', 1, '', '2008 fall'),
(15, '2008-10-17', 1, '', '2008 fall'),
(15, '2008-11-28', 1, '', '2008 fall'),
(15, '2008-12-12', 1, '', '2008 fall'),
(18, '2008-09-26', 1, '', '2008 fall'),
(18, '2008-10-17', 1, '', '2008 fall'),
(18, '2008-11-28', 1, '', '2008 fall'),
(18, '2008-12-12', 1, '', '2008 fall'),
(17, '2008-09-26', 1, '', '2008 fall'),
(17, '2008-10-17', 1, '', '2008 fall'),
(17, '2008-11-28', 1, '', '2008 fall'),
(20, '2008-09-26', 1, '', '2008 fall'),
(19, '2008-09-26', 1, '', '2008 fall'),
(22, '2008-10-31', 1, '', '2008 fall'),
(22, '2008-11-14', 1, '', '2008 fall'),
(21, '2008-10-31', 1, '', '2008 fall'),
(21, '2008-11-14', 1, '', '2008 fall'),
(7, '2009-01-16', 1, '', '2009 spring'),
(7, '2009-03-13', 1, '', '2009 spring'),
(9, '2009-01-16', 1, '', '2009 spring'),
(9, '2009-01-23', 1, '', '2009 spring'),
(9, '2009-01-30', 1, '', '2009 spring'),
(9, '2009-02-06', 1, '', '2009 spring'),
(10, '2009-01-16', 1, '', '2009 spring'),
(10, '2009-01-23', 1, '', '2009 spring'),
(10, '2009-01-30', 1, '', '2009 spring'),
(10, '2009-02-06', 1, '', '2009 spring'),
(10, '2009-02-13', 1, '', '2009 spring'),
(12, '2009-02-27', 1, '', '2009 spring'),
(12, '2009-03-27', 1, '', '2009 spring'),
(11, '2009-02-27', 1, '', '2009 spring'),
(11, '2009-03-27', 1, '', '2009 spring'),
(14, '2009-01-16', 1, '', '2009 spring'),
(15, '2009-01-16', 1, '', '2009 spring'),
(17, '2009-02-20', 1, '', '2009 spring'),
(22, '2009-02-27', 1, '', '2009 spring'),
(21, '2009-02-27', 1, '', '2009 spring'),
(38, '2009-01-23', 1, '', '2009 spring'),
(38, '2009-01-30', 1, '', '2009 spring'),
(38, '2009-02-06', 1, '', '2009 spring'),
(38, '2009-02-20', 1, '', '2009 spring'),
(38, '2009-03-06', 1, '', '2009 spring'),
(38, '2009-03-27', 1, '', '2009 spring'),
(39, '2009-01-23', 1, '', '2009 spring'),
(39, '2009-01-30', 1, '', '2009 spring'),
(39, '2009-02-06', 1, '', '2009 spring'),
(39, '2009-02-20', 1, '', '2009 spring'),
(39, '2009-03-06', 1, '', '2009 spring'),
(39, '2009-03-27', 1, '', '2009 spring'),
(27, '2009-01-23', 1, '', '2009 spring'),
(28, '2009-01-16', 1, '', '2009 spring'),
(28, '2009-01-23', 1, '', '2009 spring'),
(28, '2009-01-30', 1, '', '2009 spring'),
(28, '2009-02-13', 1, '', '2009 spring'),
(28, '2009-03-27', 1, '', '2009 spring'),
(28, '2009-04-24', 1, '', '2009 spring'),
(28, '2009-05-01', 1, '', '2009 spring'),
(32, '2009-01-16', 1, '', '2009 spring'),
(32, '2009-01-30', 1, '', '2009 spring'),
(33, '2009-02-13', 1, '', '2009 spring'),
(33, '2009-02-20', 1, '', '2009 spring'),
(33, '2009-02-27', 1, '', '2009 spring'),
(33, '2009-03-06', 1, '', '2009 spring'),
(33, '2009-03-13', 1, '', '2009 spring'),
(33, '2009-03-20', 1, '', '2009 spring'),
(33, '2009-03-27', 1, '', '2009 spring'),
(33, '2009-04-03', 1, '', '2009 spring'),
(44, '2009-02-20', 1, '', '2009 spring'),
(44, '2009-03-27', 1, '', '2009 spring'),
(45, '2009-02-20', 1, '', '2009 spring'),
(45, '2009-03-27', 1, '', '2009 spring');

-- --------------------------------------------------------

--
-- Table structure for table `blockmeetings`
--

DROP TABLE IF EXISTS `blockmeetings`;
CREATE TABLE IF NOT EXISTS `blockmeetings` (
  `MEETID` int(8) NOT NULL auto_increment,
  `date` date NOT NULL,
  `holdout` tinyint(1) NOT NULL,
  `comments` text NOT NULL,
  `season` varchar(12) NOT NULL default '2008 fall',
  PRIMARY KEY  (`MEETID`),
  KEY `date` (`date`)
) ENGINE=InnoDB  DEFAULT CHARSET=latin1 AUTO_INCREMENT=2092 ;

--
-- Dumping data for table `blockmeetings`
--

INSERT INTO `blockmeetings` (`MEETID`, `date`, `holdout`, `comments`, `season`) VALUES
(2058, '2008-09-26', 0, '', '2008 fall'),
(2059, '2008-10-03', 0, '', '2008 fall'),
(2060, '2008-10-10', 0, '', '2008 fall'),
(2061, '2008-10-17', 0, '', '2008 fall'),
(2062, '2008-10-24', 0, '', '2008 fall'),
(2063, '2008-10-31', 1, '', '2008 fall'),
(2064, '2008-11-07', 0, '', '2008 fall'),
(2065, '2008-11-14', 0, '', '2008 fall'),
(2066, '2008-11-21', 0, '', '2008 fall'),
(2067, '2008-11-28', 0, '', '2008 fall'),
(2068, '2008-12-05', 0, '', '2008 fall'),
(2069, '2008-12-12', 0, '', '2008 fall'),
(2070, '2008-12-19', 1, '', '2008 fall'),
(2071, '2008-12-26', 1, '', '2008 fall'),
(2072, '2009-01-02', 0, '', '2008 fall'),
(2073, '2009-01-09', 0, '', '2008 fall'),
(2078, '2009-01-16', 0, '', '2009 spring'),
(2079, '2009-01-23', 0, '', '2009 spring'),
(2080, '2009-01-30', 0, '', '2009 spring'),
(2081, '2009-02-06', 0, '', '2009 spring'),
(2082, '2009-02-13', 1, '', '2009 spring'),
(2083, '2009-02-20', 0, '', '2009 spring'),
(2084, '2009-02-27', 0, '', '2009 spring'),
(2085, '2009-03-06', 0, '', '2009 spring'),
(2086, '2009-03-13', 0, '', '2009 spring'),
(2087, '2009-03-20', 0, '', '2009 spring'),
(2088, '2009-03-27', 1, '', '2009 spring'),
(2089, '2009-04-03', 0, '', '2009 spring'),
(2090, '2009-04-10', 0, '', '2009 spring'),
(2091, '2009-04-17', 0, '', '2009 spring');

-- --------------------------------------------------------

--
-- Table structure for table `couples`
--

DROP TABLE IF EXISTS `couples`;
CREATE TABLE IF NOT EXISTS `couples` (
  `coupleid` int(8) NOT NULL auto_increment,
  `couplename` varchar(50) NOT NULL,
  `pa_id` int(8) NOT NULL,
  `pb_id` int(8) NOT NULL,
  `fulltime` tinyint(1) NOT NULL,
  `canschedule` tinyint(1) default NULL,
  `blockcouple` tinyint(1) default NULL,
  `season` varchar(12) NOT NULL default '2008 fall',
  PRIMARY KEY  (`coupleid`)
) ENGINE=InnoDB  DEFAULT CHARSET=latin1 AUTO_INCREMENT=35 ;

--
-- Dumping data for table `couples`
--

INSERT INTO `couples` (`coupleid`, `couplename`, `pa_id`, `pb_id`, `fulltime`, `canschedule`, `blockcouple`, `season`) VALUES
(2, 'Bloomers', 1, 2, 0, 1, 1, '2008 fall'),
(3, 'Dekerchoves', 3, 4, 0, 1, 1, '2008 fall'),
(4, 'Hendersons', 5, 6, 1, 1, 1, '2008 fall'),
(5, 'Putnams', 7, 8, 0, 1, 1, '2008 fall'),
(6, 'Millers', 9, 10, 0, 1, 1, '2008 fall'),
(7, 'Stauffers', 11, 12, 0, 1, 1, '2008 fall'),
(8, 'Kimerling/Patton', 13, 14, 0, 1, 1, '2008 fall'),
(9, 'Holtzs', 15, 16, 0, 1, 1, '2008 fall'),
(10, 'Cavens', 17, 18, 0, 1, 1, '2008 fall'),
(11, 'Idoetas', 19, 20, 0, 1, 1, '2008 fall'),
(12, 'Grunkes', 21, 22, 0, 1, 1, '2008 fall'),
(13, 'Rod & Jean', 13, 23, 0, 0, 0, '2008 fall'),
(19, 'Bloomers', 1, 2, 0, 1, 1, '2009 spring'),
(20, 'Henderson', 5, 6, 1, 1, 1, '2009 spring'),
(21, 'Putnams', 7, 8, 0, 1, 1, '2009 spring'),
(22, 'Millers,', 9, 10, 0, 1, 1, '2009 spring'),
(23, 'Stauffers', 11, 12, 0, 1, 1, '2009 spring'),
(24, 'Rod & Christa', 13, 14, 0, 1, 1, '2009 spring'),
(25, 'Holtzs', 15, 16, 0, 1, 1, '2009 spring'),
(26, 'Cavens', 17, 18, 0, 1, 1, '2009 spring'),
(27, 'Idoetas', 19, 20, 0, 1, 0, '2009 spring'),
(28, 'Grunkes', 21, 22, 0, 1, 1, '2009 spring'),
(29, 'Kenny & Carrie', 36, 37, 0, 1, 1, '2009 spring'),
(30, 'Bettises', 38, 39, 0, 1, 1, '2009 spring'),
(31, 'Morrells', 27, 28, 0, 1, 1, '2009 spring'),
(32, 'Raus', 34, 35, 0, 1, 1, '2009 spring'),
(33, 'Moorheads', 32, 33, 0, 1, 1, '2009 spring'),
(34, 'Pearce''s', 44, 45, 0, 1, 1, '2009 spring');

-- --------------------------------------------------------

--
-- Table structure for table `players`
--

DROP TABLE IF EXISTS `players`;
CREATE TABLE IF NOT EXISTS `players` (
  `PID` int(8) NOT NULL auto_increment,
  `firstname` varchar(40) NOT NULL,
  `lastname` varchar(60) NOT NULL,
  `gender` varchar(1) NOT NULL default 'm',
  `NTRP` float NOT NULL,
  `microNTRP` float NOT NULL,
  `email` varchar(50) NOT NULL,
  `home` varchar(14) NOT NULL,
  `cell` varchar(14) NOT NULL,
  `work` varchar(14) NOT NULL,
  PRIMARY KEY  (`PID`)
) ENGINE=InnoDB  DEFAULT CHARSET=latin1 AUTO_INCREMENT=52 ;

--
-- Dumping data for table `players`
--

INSERT INTO `players` (`PID`, `firstname`, `lastname`, `gender`, `NTRP`, `microNTRP`, `email`, `home`, `cell`, `work`) VALUES
(-2, 'Nobody', '', 'f', 0, 0, '', '', '', ''),
(-1, 'Nobody', '', 'm', 3.5, 3.75, '', '', '', ''),
(1, 'Linda', 'Bloomer', 'f', 4, 4, 'lmbloomer@qwestoffice.net', '', '(208) 724-3267', ''),
(2, 'Jonathan', 'Bloomer', 'm', 4, 4, 'jtbloomer@qwestoffice.net', '(208) 378-7418', '', ''),
(3, 'Lisa', 'Dekerchove', 'f', 3.5, 3.6, 'dldekerchove@gmail.com', '(208) 853-2878', '', ''),
(4, 'Doug', 'Dekerchove', 'm', 4, 4.1, 'Dougd@pioneertitleco.com', '', '', ''),
(5, 'Ed', 'Henderson', 'm', 3.5, 3.85, 'edhenderseon@cableone.net', '', '(208) 861-5756', '(208) 489-9380'),
(6, 'Vicki', 'Henderson', 'f', 3.5, 3.8, 'viquee@cableone.net', '', '(208) 861-5816', ''),
(7, 'Sheryl', 'Putnam', 'f', 3.5, 3.7, 'Sherylp@IHFA.org', '', '', ''),
(8, 'Jake', 'Putnam', 'm', 4, 4.3, 'mjakeputnam@att.net', '', '', ''),
(9, 'Gary', 'Miller', 'm', 3.5, 3.7, 'gary.d.miller@hp.com', '', '', ''),
(10, 'Darlene', 'Miller', 'f', 3.5, 3.9, 'darlene.miller@hp.com', '(208) 724-4474', '', ''),
(11, 'Gayle', 'Stauffer', 'f', 3.5, 3.4, 'stauffers4@cableone.net', '(208) 939-4380', '', ''),
(12, 'Randy', 'Stauffer', 'm', 4, 4.3, '', '', '', ''),
(13, 'Rod', 'Kimerling', 'm', 4, 4.2, 'rodnkime@yahoo.com', '', '', ''),
(14, 'Christa', 'Patton', 'f', 3.5, 3.9, 'Christa@HomesWithChrista.com', '', '(208) 859-8621', ''),
(15, 'Colleen', 'Holtz', 'f', 3.5, 3.5, 'dynamo10_2000@yahoo.com', '', '(208) 869-7319', ''),
(16, 'Kenny', 'Holtz', 'm', 4, 3.8, 'kholtz@quality-comm.net', '', '', ''),
(17, 'Rita', 'Caven', 'f', 3.5, 3.65, 'ritacaven@msn.com', '(208) 938-0734', '(208) 484-2468', ''),
(18, 'Steve', 'Caven', 'm', 4, 4.25, 'slcaven@msn.com', '(208) 938-0734', '(208) 283-7918', ''),
(19, 'Tracey', 'Idoeta', 'f', 3.5, 3.7, 'idoeta@aol.com', '(208) 362-3481', '', ''),
(20, 'Javier', 'Idoeta', 'm', 5, 5, '', '', '', ''),
(21, 'Jenny', 'Grunke', 'f', 4, 4.1, 'jcrlaw2000@yahoo.com', '(208) 672-9254', '', ''),
(22, 'James', 'Grunke', 'm', 3.5, 3.65, 'jwgrunke@hotmail.com', '', '', ''),
(23, 'Jean', 'Russel', 'f', 3.5, 3.85, '', '', '', ''),
(24, 'Mike', 'Merlot', 'm', 3.5, 3.8, '', '', '', ''),
(25, 'Ken', 'Holtz', 'm', 3.5, 3.5, '', '', '', ''),
(26, 'Rosel', 'Holtz', 'f', 3.5, 3.5, '', '', '', ''),
(27, 'Jeff', 'Morrell', 'm', 4, 4.4, 'MELMCBANDT@aol.com', '208 327-0815', '208 284-5240', ''),
(28, 'Kathne', 'Morrell', 'f', 4, 3.9, 'kathne@aol.com', '208 327-0815', '208 371-0325', '208 381-2490'),
(29, 'Nancy', 'Edward-Wong', 'f', 3, 3.49, '', '', '', ''),
(30, 'Gabby', 'Braun-Maude', 'f', 4, 4.1, '', '', '', ''),
(32, 'Russ', 'Moorhead', 'm', 4, 4.2, 'rmoorhead@lcarch.com', '208 376-7038', '208 820-4116', ''),
(33, 'Maryann', 'Moorhead', 'f', 4, 4.3, 'mmoorhead@boisetennis.com', '208 376-7038', '208 850-2901', ''),
(34, 'Josh', 'Rau', 'm', 4, 4, 'josh@7upboise.com', '208 442-8419', '', ''),
(35, 'Shiela', 'Rau', 'f', 3.5, 3.6, 'sheilarau@aol.com', '208 442-8419', '', ''),
(36, 'Kenny', 'Wong', 'm', 4.5, 4.6, 'sludawg@yahoo.com', '', '208-794-8557', ''),
(37, 'Carrie', 'Cornils', 'f', 3.5, 3.4, 'carrie_cornils@hotmail.com', '', '', ''),
(38, 'Dave', 'Bettis', 'm', 3.5, 3.5, 'davebettis@cableone.net', '', '', ''),
(39, 'Lisa', 'Bettis', 'f', 3.5, 3.2, '', '', '', ''),
(40, 'Heather', 'Kolnes', 'f', 3.5, 3.8, 'hkolnes@msn.com', '', '', ''),
(41, 'Katie', 'Stauffer', 'f', 3.5, 3.5, '', '', '', ''),
(42, 'Sue', 'Webster', 'f', 3.5, 3.5, '', '', '', ''),
(43, 'Thad', 'Webster', 'm', 3.5, 3.5, '', '', '', ''),
(44, 'John', 'Pearce', 'm', 4, 4.4, 'drjpearce@aol.com', '208 855-2369', '', ''),
(45, 'Corie', 'Pearce', 'f', 4, 4, 'pearceelc@aol.com', '208 855-2369', '208 283-0065', ''),
(46, 'Colby', '', 'm', 4, 4.45, '', '', '', ''),
(47, 'John', 'Perry', 'm', 4.5, 4.6, '', '', '', ''),
(48, 'Susan', 'Schosshberger', 'f', 4, 4, '', '', '', ''),
(49, 'Dave', 'Surbeck', 'm', 4, 4.2, '', '', '', ''),
(50, 'Terry', 'Rich', 'm', 4, 4.1, '', '', '', ''),
(51, 'Shelly', 'Lane', 'f', 4, 4.2, '', '', '', '');

-- --------------------------------------------------------

--
-- Stand-in structure for view `player_availability`
--
DROP VIEW IF EXISTS `player_availability`;
CREATE TABLE IF NOT EXISTS `player_availability` (
`pid` int(8)
,`firstname` varchar(40)
,`lastname` varchar(60)
,`date` date
,`unavailable` tinyint(1)
);
-- --------------------------------------------------------

--
-- Stand-in structure for view `player_unavailable`
--
DROP VIEW IF EXISTS `player_unavailable`;
CREATE TABLE IF NOT EXISTS `player_unavailable` (
`pid` int(8)
,`firstname` varchar(40)
,`lastname` varchar(60)
,`date` date
);
-- --------------------------------------------------------

--
-- Table structure for table `schedule`
--

DROP TABLE IF EXISTS `schedule`;
CREATE TABLE IF NOT EXISTS `schedule` (
  `schedid` int(16) NOT NULL auto_increment,
  `matchid` int(8) NOT NULL,
  `pid` int(8) NOT NULL,
  `sub` tinyint(1) NOT NULL default '0',
  `season` varchar(12) NOT NULL default '2008 fall',
  PRIMARY KEY  (`schedid`),
  UNIQUE KEY `match_players` (`schedid`,`matchid`,`pid`)
) ENGINE=InnoDB  DEFAULT CHARSET=latin1 AUTO_INCREMENT=5628 ;

--
-- Dumping data for table `schedule`
--

INSERT INTO `schedule` (`schedid`, `matchid`, `pid`, `sub`, `season`) VALUES
(483, 2058, 5, 0, '2008 fall'),
(484, 2058, 6, 0, '2008 fall'),
(485, 2058, 21, 0, '2008 fall'),
(486, 2058, 22, 0, '2008 fall'),
(487, 2058, 1, 0, '2008 fall'),
(488, 2058, 2, 0, '2008 fall'),
(489, 2058, 15, 0, '2008 fall'),
(490, 2058, 16, 0, '2008 fall'),
(491, 2058, 11, 0, '2008 fall'),
(492, 2058, 12, 0, '2008 fall'),
(493, 2059, 5, 0, '2008 fall'),
(494, 2059, 6, 0, '2008 fall'),
(495, 2059, 13, 0, '2008 fall'),
(496, 2059, 14, 0, '2008 fall'),
(497, 2059, 19, 0, '2008 fall'),
(498, 2059, 20, 0, '2008 fall'),
(499, 2059, 17, 0, '2008 fall'),
(500, 2059, 18, 0, '2008 fall'),
(501, 2059, 3, 0, '2008 fall'),
(502, 2059, 4, 0, '2008 fall'),
(503, 2059, 7, 0, '2008 fall'),
(504, 2059, 8, 0, '2008 fall'),
(505, 2058, 13, 0, '2008 fall'),
(506, 2058, 23, 1, '2008 fall'),
(3231, 2060, 18, 0, '2008 fall'),
(3232, 2060, 6, 0, '2008 fall'),
(3233, 2060, 24, 0, '2008 fall'),
(3234, 2060, 10, 0, '2008 fall'),
(3235, 2060, 26, 0, '2008 fall'),
(3236, 2060, 25, 0, '2008 fall'),
(3237, 2060, 3, 0, '2008 fall'),
(3238, 2060, 13, 0, '2008 fall'),
(3239, 2060, 21, 0, '2008 fall'),
(3240, 2060, 22, 0, '2008 fall'),
(3241, 2060, 15, 0, '2008 fall'),
(3242, 2060, 16, 0, '2008 fall'),
(3651, 2061, 5, 0, '2008 fall'),
(3652, 2061, 6, 0, '2008 fall'),
(3653, 2061, 24, 0, '2008 fall'),
(3654, 2061, 29, 0, '2008 fall'),
(3655, 2061, 1, 0, '2008 fall'),
(3656, 2061, 2, 0, '2008 fall'),
(3657, 2061, 19, 0, '2008 fall'),
(3658, 2061, 20, 0, '2008 fall'),
(3659, 2061, 23, 0, '2008 fall'),
(3660, 2061, 27, 0, '2008 fall'),
(3661, 2061, 13, 0, '2008 fall'),
(3662, 2061, 14, 0, '2008 fall'),
(4095, 2062, 5, 0, '2008 fall'),
(4096, 2062, 6, 0, '2008 fall'),
(4097, 2062, 11, 0, '2008 fall'),
(4098, 2062, 12, 0, '2008 fall'),
(4099, 2062, 17, 0, '2008 fall'),
(4100, 2062, 18, 0, '2008 fall'),
(4101, 2062, 30, 0, '2008 fall'),
(4102, 2062, 13, 0, '2008 fall'),
(4103, 2062, 9, 0, '2008 fall'),
(4104, 2062, 10, 0, '2008 fall'),
(4105, 2062, 1, 0, '2008 fall'),
(4106, 2062, 2, 0, '2008 fall'),
(4155, 2064, 5, 0, '2008 fall'),
(4156, 2064, 6, 0, '2008 fall'),
(4157, 2064, 21, 0, '2008 fall'),
(4158, 2064, 22, 0, '2008 fall'),
(4159, 2064, 15, 0, '2008 fall'),
(4160, 2064, 16, 0, '2008 fall'),
(4161, 2064, 11, 0, '2008 fall'),
(4162, 2064, 12, 0, '2008 fall'),
(4163, 2064, 19, 0, '2008 fall'),
(4164, 2064, 20, 0, '2008 fall'),
(4165, 2064, 3, 0, '2008 fall'),
(4166, 2064, 4, 0, '2008 fall'),
(4191, 2065, 5, 0, '2008 fall'),
(4192, 2065, 6, 0, '2008 fall'),
(4193, 2065, 7, 0, '2008 fall'),
(4194, 2065, 8, 0, '2008 fall'),
(4195, 2065, 13, 0, '2008 fall'),
(4196, 2065, 14, 0, '2008 fall'),
(4197, 2065, 17, 0, '2008 fall'),
(4198, 2065, 18, 0, '2008 fall'),
(4199, 2065, 1, 0, '2008 fall'),
(4200, 2065, 2, 0, '2008 fall'),
(4201, 2065, 11, 0, '2008 fall'),
(4202, 2065, 12, 0, '2008 fall'),
(4407, 2066, 5, 0, '2008 fall'),
(4408, 2066, 6, 0, '2008 fall'),
(4409, 2066, 7, 0, '2008 fall'),
(4410, 2066, 8, 0, '2008 fall'),
(4411, 2066, 1, 0, '2008 fall'),
(4412, 2066, 2, 0, '2008 fall'),
(4413, 2066, 9, 0, '2008 fall'),
(4414, 2066, 10, 0, '2008 fall'),
(4415, 2066, 14, 0, '2008 fall'),
(4416, 2066, 13, 0, '2008 fall'),
(4417, 2066, 15, 0, '2008 fall'),
(4418, 2066, 16, 0, '2008 fall'),
(4467, 2067, 5, 0, '2008 fall'),
(4468, 2067, 6, 0, '2008 fall'),
(4469, 2067, 9, 0, '2008 fall'),
(4470, 2067, 10, 0, '2008 fall'),
(4471, 2067, 1, 0, '2008 fall'),
(4472, 2067, 2, 0, '2008 fall'),
(4473, 2067, 7, 0, '2008 fall'),
(4474, 2067, 8, 0, '2008 fall'),
(4475, 2067, 21, 0, '2008 fall'),
(4476, 2067, 22, 0, '2008 fall'),
(4477, 2067, 17, 0, '2008 fall'),
(4478, 2067, 18, 0, '2008 fall'),
(4479, 2068, 5, 0, '2008 fall'),
(4480, 2068, 6, 0, '2008 fall'),
(4481, 2068, 9, 0, '2008 fall'),
(4482, 2068, 10, 0, '2008 fall'),
(4483, 2068, 21, 0, '2008 fall'),
(4484, 2068, 22, 0, '2008 fall'),
(4485, 2068, 15, 0, '2008 fall'),
(4486, 2068, 16, 0, '2008 fall'),
(4487, 2068, 3, 0, '2008 fall'),
(4488, 2068, 13, 0, '2008 fall'),
(4489, 2068, 11, 0, '2008 fall'),
(4490, 2068, 12, 0, '2008 fall'),
(4503, 2069, 5, 0, '2008 fall'),
(4504, 2069, 6, 0, '2008 fall'),
(4505, 2069, 19, 0, '2008 fall'),
(4506, 2069, 20, 0, '2008 fall'),
(4507, 2069, 7, 0, '2008 fall'),
(4508, 2069, 8, 0, '2008 fall'),
(4509, 2069, 17, 0, '2008 fall'),
(4510, 2069, 18, 0, '2008 fall'),
(4511, 2069, 9, 0, '2008 fall'),
(4512, 2069, 10, 0, '2008 fall'),
(4513, 2069, 11, 0, '2008 fall'),
(4514, 2069, 12, 0, '2008 fall'),
(4515, 2072, 12, 0, '2008 fall'),
(4516, 2072, 11, 0, '2008 fall'),
(4517, 2072, 19, 0, '2008 fall'),
(4518, 2072, 20, 0, '2008 fall'),
(4519, 2072, 21, 0, '2008 fall'),
(4520, 2072, 22, 0, '2008 fall'),
(4521, 2072, 10, 0, '2008 fall'),
(4522, 2072, 9, 0, '2008 fall'),
(4523, 2072, 7, 0, '2008 fall'),
(4524, 2072, 8, 0, '2008 fall'),
(4525, 2072, 14, 0, '2008 fall'),
(4526, 2072, 13, 0, '2008 fall'),
(4623, 2073, 5, 0, '2008 fall'),
(4624, 2073, 6, 0, '2008 fall'),
(4625, 2073, 19, 0, '2008 fall'),
(4626, 2073, 20, 0, '2008 fall'),
(4627, 2073, 17, 0, '2008 fall'),
(4628, 2073, 18, 0, '2008 fall'),
(4629, 2073, 16, 0, '2008 fall'),
(4630, 2073, 15, 0, '2008 fall'),
(4631, 2073, 1, 0, '2008 fall'),
(4632, 2073, 2, 0, '2008 fall'),
(4633, 2073, 11, 0, '2008 fall'),
(4634, 2073, 12, 0, '2008 fall'),
(4860, 2078, 13, 0, '2009 spring'),
(4861, 2078, 6, 0, '2009 spring'),
(4862, 2078, 37, 0, '2009 spring'),
(4863, 2078, 36, 0, '2009 spring'),
(4864, 2078, 43, 0, '2009 spring'),
(4865, 2078, 42, 0, '2009 spring'),
(4866, 2078, 34, 0, '2009 spring'),
(4867, 2078, 35, 0, '2009 spring'),
(4868, 2078, 17, 0, '2009 spring'),
(4869, 2078, 18, 0, '2009 spring'),
(4870, 2078, 27, 0, '2009 spring'),
(4871, 2078, 40, 0, '2009 spring'),
(4872, 2078, 1, 0, '2009 spring'),
(4873, 2078, 2, 0, '2009 spring'),
(4874, 2078, 38, 0, '2009 spring'),
(4875, 2078, 39, 0, '2009 spring'),
(4988, 2079, 18, 0, '2009 spring'),
(4989, 2079, 6, 0, '2009 spring'),
(4990, 2079, 7, 0, '2009 spring'),
(4991, 2079, 8, 0, '2009 spring'),
(4992, 2079, 15, 0, '2009 spring'),
(4993, 2079, 16, 0, '2009 spring'),
(4994, 2079, 17, 0, '2009 spring'),
(4995, 2079, 22, 0, '2009 spring'),
(4996, 2079, 32, 0, '2009 spring'),
(4997, 2079, 33, 0, '2009 spring'),
(4998, 2079, 37, 0, '2009 spring'),
(4999, 2079, 36, 0, '2009 spring'),
(5000, 2079, 11, 0, '2009 spring'),
(5001, 2079, 12, 0, '2009 spring'),
(5002, 2079, 13, 0, '2009 spring'),
(5003, 2079, 14, 0, '2009 spring'),
(5020, 2080, 5, 0, '2009 spring'),
(5021, 2080, 6, 0, '2009 spring'),
(5022, 2080, 22, 0, '2009 spring'),
(5023, 2080, 21, 0, '2009 spring'),
(5024, 2080, 1, 0, '2009 spring'),
(5025, 2080, 2, 0, '2009 spring'),
(5026, 2080, 7, 0, '2009 spring'),
(5027, 2080, 8, 0, '2009 spring'),
(5028, 2080, 36, 0, '2009 spring'),
(5029, 2080, 37, 0, '2009 spring'),
(5030, 2080, 17, 0, '2009 spring'),
(5031, 2080, 18, 0, '2009 spring'),
(5032, 2080, 34, 0, '2009 spring'),
(5033, 2080, 35, 0, '2009 spring'),
(5034, 2080, 33, 0, '2009 spring'),
(5035, 2080, 13, 0, '2009 spring'),
(5036, 2081, 5, 0, '2009 spring'),
(5037, 2081, 6, 0, '2009 spring'),
(5038, 2081, 1, 0, '2009 spring'),
(5039, 2081, 2, 0, '2009 spring'),
(5040, 2081, 21, 0, '2009 spring'),
(5041, 2081, 22, 0, '2009 spring'),
(5042, 2081, 44, 0, '2009 spring'),
(5043, 2081, 45, 0, '2009 spring'),
(5044, 2081, 13, 0, '2009 spring'),
(5045, 2081, 14, 0, '2009 spring'),
(5046, 2081, 27, 0, '2009 spring'),
(5047, 2081, 28, 0, '2009 spring'),
(5048, 2081, 15, 0, '2009 spring'),
(5049, 2081, 16, 0, '2009 spring'),
(5050, 2081, 11, 0, '2009 spring'),
(5051, 2081, 12, 0, '2009 spring'),
(5068, 2083, 5, 0, '2009 spring'),
(5069, 2083, 6, 0, '2009 spring'),
(5070, 2083, 8, 0, '2009 spring'),
(5071, 2083, 7, 0, '2009 spring'),
(5072, 2083, 1, 0, '2009 spring'),
(5073, 2083, 2, 0, '2009 spring'),
(5074, 2083, 9, 0, '2009 spring'),
(5075, 2083, 10, 0, '2009 spring'),
(5076, 2083, 32, 0, '2009 spring'),
(5077, 2083, 14, 0, '2009 spring'),
(5078, 2083, 27, 0, '2009 spring'),
(5079, 2083, 28, 0, '2009 spring'),
(5080, 2083, 51, 0, '2009 spring'),
(5081, 2083, 50, 0, '2009 spring'),
(5082, 2083, 40, 0, '2009 spring'),
(5083, 2083, 49, 0, '2009 spring'),
(5388, 2084, 5, 0, '2009 spring'),
(5389, 2084, 6, 0, '2009 spring'),
(5390, 2084, 1, 0, '2009 spring'),
(5391, 2084, 13, 0, '2009 spring'),
(5392, 2084, 44, 0, '2009 spring'),
(5393, 2084, 45, 0, '2009 spring'),
(5394, 2084, 9, 0, '2009 spring'),
(5395, 2084, 10, 0, '2009 spring'),
(5396, 2084, 27, 0, '2009 spring'),
(5397, 2084, 28, 0, '2009 spring'),
(5398, 2084, 35, 0, '2009 spring'),
(5399, 2084, 49, 0, '2009 spring'),
(5400, 2084, 36, 0, '2009 spring'),
(5401, 2084, 37, 0, '2009 spring'),
(5402, 2084, 39, 0, '2009 spring'),
(5403, 2084, 32, 0, '2009 spring'),
(5596, 2085, 5, 0, '2009 spring'),
(5597, 2085, 6, 0, '2009 spring'),
(5598, 2085, 9, 0, '2009 spring'),
(5599, 2085, 10, 0, '2009 spring'),
(5600, 2085, 34, 0, '2009 spring'),
(5601, 2085, 35, 0, '2009 spring'),
(5602, 2085, 11, 0, '2009 spring'),
(5603, 2085, 12, 0, '2009 spring'),
(5604, 2085, 44, 0, '2009 spring'),
(5605, 2085, 45, 0, '2009 spring'),
(5606, 2085, 21, 0, '2009 spring'),
(5607, 2085, 22, 0, '2009 spring'),
(5608, 2085, 7, 0, '2009 spring'),
(5609, 2085, 8, 0, '2009 spring'),
(5610, 2085, 15, 0, '2009 spring'),
(5611, 2085, 16, 0, '2009 spring');

-- --------------------------------------------------------

--
-- Table structure for table `seasons`
--

DROP TABLE IF EXISTS `seasons`;
CREATE TABLE IF NOT EXISTS `seasons` (
  `sid` int(11) NOT NULL auto_increment,
  `season` varchar(20) NOT NULL,
  `courts` int(11) NOT NULL,
  `firstcourt` int(11) NOT NULL,
  PRIMARY KEY  (`sid`)
) ENGINE=MyISAM  DEFAULT CHARSET=latin1 AUTO_INCREMENT=3 ;

--
-- Dumping data for table `seasons`
--

INSERT INTO `seasons` (`sid`, `season`, `courts`, `firstcourt`) VALUES
(1, '2008 fall', 3, 1),
(2, '2009 spring', 4, 9);

-- --------------------------------------------------------

--
-- Table structure for table `season_players`
--

DROP TABLE IF EXISTS `season_players`;
CREATE TABLE IF NOT EXISTS `season_players` (
  `pid` int(8) NOT NULL,
  `season` varchar(12) NOT NULL,
  `blockmember` tinyint(1) NOT NULL
) ENGINE=MyISAM DEFAULT CHARSET=latin1;

--
-- Dumping data for table `season_players`
--

INSERT INTO `season_players` (`pid`, `season`, `blockmember`) VALUES
(1, '2008 fall', 1),
(2, '2008 fall', 1),
(3, '2008 fall', 1),
(4, '2008 fall', 1),
(5, '2008 fall', 1),
(6, '2008 fall', 1),
(7, '2008 fall', 1),
(8, '2008 fall', 1),
(9, '2008 fall', 1),
(10, '2008 fall', 1),
(11, '2008 fall', 1),
(12, '2008 fall', 1),
(13, '2008 fall', 1),
(14, '2008 fall', 1),
(15, '2008 fall', 1),
(16, '2008 fall', 1),
(17, '2008 fall', 1),
(18, '2008 fall', 1),
(19, '2008 fall', 1),
(20, '2008 fall', 1),
(21, '2008 fall', 1),
(22, '2008 fall', 1),
(23, '2008 fall', 0),
(24, '2008 fall', 0),
(25, '2008 fall', 0),
(26, '2008 fall', 0),
(27, '2008 fall', 0),
(28, '2008 fall', 0),
(29, '2008 fall', 0),
(30, '2008 fall', 0),
(1, '2009 spring', 1),
(2, '2009 spring', 1),
(5, '2009 spring', 1),
(6, '2009 spring', 1),
(7, '2009 spring', 1),
(8, '2009 spring', 1),
(9, '2009 spring', 1),
(10, '2009 spring', 1),
(11, '2009 spring', 1),
(12, '2009 spring', 1),
(13, '2009 spring', 1),
(14, '2009 spring', 1),
(15, '2009 spring', 1),
(16, '2009 spring', 1),
(17, '2009 spring', 1),
(18, '2009 spring', 1),
(47, '2009 spring', 0),
(46, '2009 spring', 0),
(21, '2009 spring', 1),
(22, '2009 spring', 1),
(23, '2009 spring', 0),
(24, '2009 spring', 0),
(25, '2009 spring', 0),
(26, '2009 spring', 0),
(27, '2009 spring', 1),
(28, '2009 spring', 1),
(29, '2009 spring', 0),
(30, '2009 spring', 0),
(3, '2009 spring', 0),
(4, '2009 spring', 0),
(32, '2009 spring', 1),
(33, '2009 spring', 1),
(34, '2009 spring', 1),
(35, '2009 spring', 1),
(36, '2009 spring', 1),
(37, '2009 spring', 1),
(38, '2009 spring', 1),
(39, '2009 spring', 1),
(-1, '2009 spring', 0),
(41, '2009 spring', 0),
(40, '2009 spring', 0),
(-2, '2009 spring', 0),
(42, '2009 spring', 0),
(43, '2009 spring', 0),
(44, '2009 spring', 1),
(45, '2009 spring', 1),
(48, '2009 spring', 0),
(49, '2009 spring', 0),
(50, '2009 spring', 0),
(51, '2009 spring', 0);

-- --------------------------------------------------------

--
-- Table structure for table `slots`
--

DROP TABLE IF EXISTS `slots`;
CREATE TABLE IF NOT EXISTS `slots` (
  `SLOTID` int(16) NOT NULL auto_increment,
  `matchid` int(8) NOT NULL,
  `setnum` int(8) NOT NULL,
  `court` varchar(12) NOT NULL,
  `pid` int(16) NOT NULL,
  `position` varchar(12) NOT NULL,
  `combokey` varchar(15) NOT NULL,
  PRIMARY KEY  (`SLOTID`),
  UNIQUE KEY `slotindex` (`matchid`,`setnum`,`court`,`pid`),
  KEY `combokey` (`combokey`)
) ENGINE=InnoDB  DEFAULT CHARSET=latin1 AUTO_INCREMENT=3973 ;

--
-- Dumping data for table `slots`
--

INSERT INTO `slots` (`SLOTID`, `matchid`, `setnum`, `court`, `pid`, `position`, `combokey`) VALUES
(1525, 2078, 1, '1', 36, 'tapa', ''),
(1526, 2078, 1, '1', 37, 'tapb', ''),
(1527, 2078, 1, '1', 43, 'tbpa', ''),
(1528, 2078, 1, '1', 40, 'tbpb', ''),
(1529, 2078, 1, '2', 2, 'tapa', ''),
(1530, 2078, 1, '2', 17, 'tapb', ''),
(1531, 2078, 1, '2', 34, 'tbpa', ''),
(1532, 2078, 1, '2', 35, 'tbpb', ''),
(1533, 2078, 1, '3', 38, 'tapa', ''),
(1534, 2078, 1, '3', 42, 'tapb', ''),
(1535, 2078, 1, '3', 13, 'tbpa', ''),
(1536, 2078, 1, '3', 1, 'tbpb', ''),
(1537, 2078, 1, '4', 18, 'tapa', ''),
(1538, 2078, 1, '4', 6, 'tapb', ''),
(1539, 2078, 1, '4', 27, 'tbpa', ''),
(1540, 2078, 1, '4', 39, 'tbpb', ''),
(1541, 2078, 2, '1', 43, 'tapa', ''),
(1542, 2078, 2, '1', 37, 'tapb', ''),
(1543, 2078, 2, '1', 36, 'tbpa', ''),
(1544, 2078, 2, '1', 17, 'tbpb', ''),
(1545, 2078, 2, '2', 34, 'tapa', ''),
(1546, 2078, 2, '2', 6, 'tapb', ''),
(1547, 2078, 2, '2', 27, 'tbpa', ''),
(1548, 2078, 2, '2', 1, 'tbpb', ''),
(1549, 2078, 2, '3', 18, 'tapa', ''),
(1550, 2078, 2, '3', 42, 'tapb', ''),
(1551, 2078, 2, '3', 13, 'tbpa', ''),
(1552, 2078, 2, '3', 40, 'tbpb', ''),
(1553, 2078, 2, '4', 2, 'tapa', ''),
(1554, 2078, 2, '4', 39, 'tapb', ''),
(1555, 2078, 2, '4', 38, 'tbpa', ''),
(1556, 2078, 2, '4', 35, 'tbpb', ''),
(1557, 2078, 3, '1', 34, 'tapa', ''),
(1558, 2078, 3, '1', 1, 'tapb', ''),
(1559, 2078, 3, '1', 2, 'tbpa', ''),
(1560, 2078, 3, '1', 40, 'tbpb', ''),
(1561, 2078, 3, '2', 18, 'tapa', ''),
(1562, 2078, 3, '2', 37, 'tapb', ''),
(1563, 2078, 3, '2', 36, 'tbpa', ''),
(1564, 2078, 3, '2', 6, 'tbpb', ''),
(1565, 2078, 3, '3', 43, 'tapa', ''),
(1566, 2078, 3, '3', 35, 'tapb', ''),
(1567, 2078, 3, '3', 13, 'tbpa', ''),
(1568, 2078, 3, '3', 42, 'tbpb', ''),
(1569, 2078, 3, '4', 27, 'tapa', ''),
(1570, 2078, 3, '4', 17, 'tapb', ''),
(1571, 2078, 3, '4', 38, 'tbpa', ''),
(1572, 2078, 3, '4', 39, 'tbpb', ''),
(3301, 2079, 1, '1', 22, 'tapa', ''),
(3302, 2079, 1, '1', 14, 'tapb', ''),
(3303, 2079, 1, '1', 36, 'tbpa', ''),
(3304, 2079, 1, '1', 11, 'tbpb', ''),
(3305, 2079, 1, '2', 16, 'tapa', ''),
(3306, 2079, 1, '2', 6, 'tapb', ''),
(3307, 2079, 1, '2', 32, 'tbpa', ''),
(3308, 2079, 1, '2', 37, 'tbpb', ''),
(3309, 2079, 1, '3', 12, 'tapa', ''),
(3310, 2079, 1, '3', 17, 'tapb', ''),
(3311, 2079, 1, '3', 18, 'tbpa', ''),
(3312, 2079, 1, '3', 7, 'tbpb', ''),
(3313, 2079, 1, '4', 13, 'tapa', ''),
(3314, 2079, 1, '4', 33, 'tapb', ''),
(3315, 2079, 1, '4', 8, 'tbpa', ''),
(3316, 2079, 1, '4', 15, 'tbpb', ''),
(3317, 2079, 2, '1', 8, 'tapa', ''),
(3318, 2079, 2, '1', 37, 'tapb', ''),
(3319, 2079, 2, '1', 16, 'tbpa', ''),
(3320, 2079, 2, '1', 7, 'tbpb', ''),
(3321, 2079, 2, '2', 13, 'tapa', ''),
(3322, 2079, 2, '2', 17, 'tapb', ''),
(3323, 2079, 2, '2', 18, 'tbpa', ''),
(3324, 2079, 2, '2', 6, 'tbpb', ''),
(3325, 2079, 2, '3', 22, 'tapa', ''),
(3326, 2079, 2, '3', 11, 'tapb', ''),
(3327, 2079, 2, '3', 32, 'tbpa', ''),
(3328, 2079, 2, '3', 14, 'tbpb', ''),
(3329, 2079, 2, '4', 12, 'tapa', ''),
(3330, 2079, 2, '4', 33, 'tapb', ''),
(3331, 2079, 2, '4', 36, 'tbpa', ''),
(3332, 2079, 2, '4', 15, 'tbpb', ''),
(3333, 2079, 3, '1', 12, 'tapa', ''),
(3334, 2079, 3, '1', 7, 'tapb', ''),
(3335, 2079, 3, '1', 22, 'tbpa', ''),
(3336, 2079, 3, '1', 6, 'tbpb', ''),
(3337, 2079, 3, '2', 8, 'tapa', ''),
(3338, 2079, 3, '2', 33, 'tapb', ''),
(3339, 2079, 3, '2', 18, 'tbpa', ''),
(3340, 2079, 3, '2', 14, 'tbpb', ''),
(3341, 2079, 3, '3', 16, 'tapa', ''),
(3342, 2079, 3, '3', 17, 'tapb', ''),
(3343, 2079, 3, '3', 32, 'tbpa', ''),
(3344, 2079, 3, '3', 15, 'tbpb', ''),
(3345, 2079, 3, '4', 13, 'tapa', ''),
(3346, 2079, 3, '4', 11, 'tapb', ''),
(3347, 2079, 3, '4', 36, 'tbpa', ''),
(3348, 2079, 3, '4', 37, 'tbpb', ''),
(3493, 2080, 1, '1', 8, 'tapa', ''),
(3494, 2080, 1, '1', 7, 'tapb', ''),
(3495, 2080, 1, '1', 34, 'tbpa', ''),
(3496, 2080, 1, '1', 17, 'tbpb', ''),
(3497, 2080, 1, '2', 18, 'tapa', ''),
(3498, 2080, 1, '2', 1, 'tapb', ''),
(3499, 2080, 1, '2', 36, 'tbpa', ''),
(3500, 2080, 1, '2', 37, 'tbpb', ''),
(3501, 2080, 1, '3', 5, 'tapa', ''),
(3502, 2080, 1, '3', 21, 'tapb', ''),
(3503, 2080, 1, '3', 2, 'tbpa', ''),
(3504, 2080, 1, '3', 35, 'tbpb', ''),
(3505, 2080, 1, '4', 13, 'tapa', ''),
(3506, 2080, 1, '4', 33, 'tapb', ''),
(3507, 2080, 1, '4', 22, 'tbpa', ''),
(3508, 2080, 1, '4', 6, 'tbpb', ''),
(3509, 2080, 2, '1', 5, 'tapa', ''),
(3510, 2080, 2, '1', 1, 'tapb', ''),
(3511, 2080, 2, '1', 8, 'tbpa', ''),
(3512, 2080, 2, '1', 35, 'tbpb', ''),
(3513, 2080, 2, '2', 18, 'tapa', ''),
(3514, 2080, 2, '2', 7, 'tapb', ''),
(3515, 2080, 2, '2', 22, 'tbpa', ''),
(3516, 2080, 2, '2', 21, 'tbpb', ''),
(3517, 2080, 2, '3', 2, 'tapa', ''),
(3518, 2080, 2, '3', 37, 'tapb', ''),
(3519, 2080, 2, '3', 36, 'tbpa', ''),
(3520, 2080, 2, '3', 17, 'tbpb', ''),
(3521, 2080, 2, '4', 34, 'tapa', ''),
(3522, 2080, 2, '4', 33, 'tapb', ''),
(3523, 2080, 2, '4', 13, 'tbpa', ''),
(3524, 2080, 2, '4', 6, 'tbpb', ''),
(3525, 2080, 3, '1', 8, 'tapa', ''),
(3526, 2080, 3, '1', 6, 'tapb', ''),
(3527, 2080, 3, '1', 13, 'tbpa', ''),
(3528, 2080, 3, '1', 35, 'tbpb', ''),
(3529, 2080, 3, '2', 34, 'tapa', ''),
(3530, 2080, 3, '2', 7, 'tapb', ''),
(3531, 2080, 3, '2', 5, 'tbpa', ''),
(3532, 2080, 3, '2', 37, 'tbpb', ''),
(3533, 2080, 3, '3', 18, 'tapa', ''),
(3534, 2080, 3, '3', 21, 'tapb', ''),
(3535, 2080, 3, '3', 22, 'tbpa', ''),
(3536, 2080, 3, '3', 33, 'tbpb', ''),
(3537, 2080, 3, '4', 2, 'tapa', ''),
(3538, 2080, 3, '4', 17, 'tapb', ''),
(3539, 2080, 3, '4', 36, 'tbpa', ''),
(3540, 2080, 3, '4', 1, 'tbpb', ''),
(3589, 2081, 1, '1', 12, 'tapa', ''),
(3590, 2081, 1, '1', 15, 'tapb', ''),
(3591, 2081, 1, '1', 22, 'tbpa', ''),
(3592, 2081, 1, '1', 21, 'tbpb', ''),
(3593, 2081, 1, '2', 2, 'tapa', ''),
(3594, 2081, 1, '2', 6, 'tapb', ''),
(3595, 2081, 1, '2', 44, 'tbpa', ''),
(3596, 2081, 1, '2', 45, 'tbpb', ''),
(3597, 2081, 1, '3', 16, 'tapa', ''),
(3598, 2081, 1, '3', 28, 'tapb', ''),
(3599, 2081, 1, '3', 5, 'tbpa', ''),
(3600, 2081, 1, '3', 14, 'tbpb', ''),
(3601, 2081, 1, '4', 13, 'tapa', ''),
(3602, 2081, 1, '4', 11, 'tapb', ''),
(3603, 2081, 1, '4', 27, 'tbpa', ''),
(3604, 2081, 1, '4', 1, 'tbpb', ''),
(3605, 2081, 2, '1', 12, 'tapa', ''),
(3606, 2081, 2, '1', 6, 'tapb', ''),
(3607, 2081, 2, '1', 16, 'tbpa', ''),
(3608, 2081, 2, '1', 15, 'tbpb', ''),
(3609, 2081, 2, '2', 13, 'tapa', ''),
(3610, 2081, 2, '2', 14, 'tapb', ''),
(3611, 2081, 2, '2', 22, 'tbpa', ''),
(3612, 2081, 2, '2', 28, 'tbpb', ''),
(3613, 2081, 2, '3', 44, 'tapa', ''),
(3614, 2081, 2, '3', 1, 'tapb', ''),
(3615, 2081, 2, '3', 27, 'tbpa', ''),
(3616, 2081, 2, '3', 21, 'tbpb', ''),
(3617, 2081, 2, '4', 2, 'tapa', ''),
(3618, 2081, 2, '4', 11, 'tapb', ''),
(3619, 2081, 2, '4', 5, 'tbpa', ''),
(3620, 2081, 2, '4', 45, 'tbpb', ''),
(3621, 2081, 3, '1', 2, 'tapa', ''),
(3622, 2081, 3, '1', 15, 'tapb', ''),
(3623, 2081, 3, '1', 13, 'tbpa', ''),
(3624, 2081, 3, '1', 6, 'tbpb', ''),
(3625, 2081, 3, '2', 5, 'tapa', ''),
(3626, 2081, 3, '2', 11, 'tapb', ''),
(3627, 2081, 3, '2', 22, 'tbpa', ''),
(3628, 2081, 3, '2', 1, 'tbpb', ''),
(3629, 2081, 3, '3', 16, 'tapa', ''),
(3630, 2081, 3, '3', 14, 'tapb', ''),
(3631, 2081, 3, '3', 27, 'tbpa', ''),
(3632, 2081, 3, '3', 45, 'tbpb', ''),
(3633, 2081, 3, '4', 44, 'tapa', ''),
(3634, 2081, 3, '4', 28, 'tapb', ''),
(3635, 2081, 3, '4', 12, 'tbpa', ''),
(3636, 2081, 3, '4', 21, 'tbpb', ''),
(3925, 2083, 1, '1', 2, 'tapa', ''),
(3926, 2083, 1, '1', 40, 'tapb', ''),
(3927, 2083, 1, '1', 32, 'tbpa', ''),
(3928, 2083, 1, '1', 14, 'tbpb', ''),
(3929, 2083, 1, '2', 27, 'tapa', ''),
(3930, 2083, 1, '2', 7, 'tapb', ''),
(3931, 2083, 1, '2', 8, 'tbpa', ''),
(3932, 2083, 1, '2', 1, 'tbpb', ''),
(3933, 2083, 1, '3', 5, 'tapa', ''),
(3934, 2083, 1, '3', 28, 'tapb', ''),
(3935, 2083, 1, '3', 9, 'tbpa', ''),
(3936, 2083, 1, '3', 10, 'tbpb', ''),
(3937, 2083, 1, '4', 16, 'tapa', ''),
(3938, 2083, 1, '4', 15, 'tapb', ''),
(3939, 2083, 1, '4', -1, 'tbpa', ''),
(3940, 2083, 1, '4', 6, 'tbpb', ''),
(3941, 2083, 2, '1', 32, 'tapa', ''),
(3942, 2083, 2, '1', 6, 'tapb', ''),
(3943, 2083, 2, '1', 9, 'tbpa', ''),
(3944, 2083, 2, '1', 28, 'tbpb', ''),
(3945, 2083, 2, '2', 5, 'tapa', ''),
(3946, 2083, 2, '2', 10, 'tapb', ''),
(3947, 2083, 2, '2', -1, 'tbpa', ''),
(3948, 2083, 2, '2', 1, 'tbpb', ''),
(3949, 2083, 2, '3', 8, 'tapa', ''),
(3950, 2083, 2, '3', 7, 'tapb', ''),
(3951, 2083, 2, '3', 16, 'tbpa', ''),
(3952, 2083, 2, '3', 40, 'tbpb', ''),
(3953, 2083, 2, '4', 2, 'tapa', ''),
(3954, 2083, 2, '4', 14, 'tapb', ''),
(3955, 2083, 2, '4', 27, 'tbpa', ''),
(3956, 2083, 2, '4', 15, 'tbpb', ''),
(3957, 2083, 3, '1', 8, 'tapa', ''),
(3958, 2083, 3, '1', 28, 'tapb', ''),
(3959, 2083, 3, '1', 5, 'tbpa', ''),
(3960, 2083, 3, '1', 14, 'tbpb', ''),
(3961, 2083, 3, '2', 2, 'tapa', ''),
(3962, 2083, 3, '2', 15, 'tapb', ''),
(3963, 2083, 3, '2', 16, 'tbpa', ''),
(3964, 2083, 3, '2', 10, 'tbpb', ''),
(3965, 2083, 3, '3', 27, 'tapa', ''),
(3966, 2083, 3, '3', 6, 'tapb', ''),
(3967, 2083, 3, '3', 32, 'tbpa', ''),
(3968, 2083, 3, '3', 7, 'tbpb', ''),
(3969, 2083, 3, '4', -1, 'tapa', ''),
(3970, 2083, 3, '4', 40, 'tapb', ''),
(3971, 2083, 3, '4', 9, 'tbpa', ''),
(3972, 2083, 3, '4', 1, 'tbpb', '');

-- --------------------------------------------------------

--
-- Table structure for table `teams`
--

DROP TABLE IF EXISTS `teams`;
CREATE TABLE IF NOT EXISTS `teams` (
  `team_id` int(16) NOT NULL auto_increment,
  `ta_pa` int(16) NOT NULL,
  `ta_pb` int(11) NOT NULL,
  `ta_ntrp` float NOT NULL,
  `ta_untrp` float NOT NULL,
  `tb_pa` int(11) NOT NULL,
  `tb_pb` int(11) NOT NULL,
  `tb_ntrp` float NOT NULL,
  `tb_untrp` float NOT NULL,
  `season` varchar(12) NOT NULL default '2008 fall',
  PRIMARY KEY  (`team_id`)
) ENGINE=InnoDB DEFAULT CHARSET=latin1 AUTO_INCREMENT=1 ;

--
-- Dumping data for table `teams`
--


-- --------------------------------------------------------

--
-- Table structure for table `users`
--

DROP TABLE IF EXISTS `users`;
CREATE TABLE IF NOT EXISTS `users` (
  `user_id` int(8) NOT NULL auto_increment,
  `username` varchar(20) NOT NULL,
  `password` varchar(32) NOT NULL,
  PRIMARY KEY  (`user_id`)
) ENGINE=InnoDB  DEFAULT CHARSET=latin1 AUTO_INCREMENT=4 ;

--
-- Dumping data for table `users`
--

INSERT INTO `users` (`user_id`, `username`, `password`) VALUES
(1, 'kutenai', '46730ce4707e8302dc1dc1bd7f3eb575'),
(2, 'ednh', 'a5944c0b4cae8984a2c6095c84426f36'),
(3, 'fntennis', 'c4cbf6c9371a6e0232632aae111e6b60');

-- --------------------------------------------------------

--
-- Structure for view `couples_view`
--
DROP TABLE IF EXISTS `couples_view`;

CREATE ALGORITHM=UNDEFINED DEFINER=`kutenai`@`localhost` SQL SECURITY DEFINER VIEW `friday_tennis`.`couples_view` AS select `c`.`coupleid` AS `coupleid`,`c`.`couplename` AS `couplename`,concat(`pa`.`firstname`,_latin1' ',`pa`.`lastname`) AS `hisname`,`pa`.`blockmember` AS `paonblock`,concat(`pb`.`firstname`,_latin1' ',`pb`.`lastname`) AS `hername`,`pb`.`blockmember` AS `pbonblock`,`c`.`fulltime` AS `fulltime` from ((`friday_tennis`.`couples` `c` join `friday_tennis`.`players` `pa`) join `friday_tennis`.`players` `pb`) where (((`c`.`pa_id` = `pa`.`PID`) or (`c`.`pa_id` = `pb`.`PID`)) and ((`c`.`pb_id` = `pb`.`PID`) or (`c`.`pb_id` = `pa`.`PID`)) and (`pa`.`gender` = _latin1'm') and (`pb`.`gender` = _latin1'f'));

-- --------------------------------------------------------

--
-- Structure for view `player_availability`
--
DROP TABLE IF EXISTS `player_availability`;

CREATE ALGORITHM=UNDEFINED DEFINER=`Ed`@`localhost` SQL SECURITY DEFINER VIEW `friday_tennis`.`player_availability` AS select `friday_tennis`.`players`.`PID` AS `pid`,`friday_tennis`.`players`.`firstname` AS `firstname`,`friday_tennis`.`players`.`lastname` AS `lastname`,`friday_tennis`.`availability`.`date` AS `date`,`friday_tennis`.`availability`.`unavailable` AS `unavailable` from (`friday_tennis`.`players` join `friday_tennis`.`availability`) where ((`friday_tennis`.`players`.`PID` = `friday_tennis`.`availability`.`PID`) and (`friday_tennis`.`availability`.`unavailable` = 0));

-- --------------------------------------------------------

--
-- Structure for view `player_unavailable`
--
DROP TABLE IF EXISTS `player_unavailable`;

CREATE ALGORITHM=UNDEFINED DEFINER=`Ed`@`localhost` SQL SECURITY DEFINER VIEW `friday_tennis`.`player_unavailable` AS select `friday_tennis`.`players`.`PID` AS `pid`,`friday_tennis`.`players`.`firstname` AS `firstname`,`friday_tennis`.`players`.`lastname` AS `lastname`,`friday_tennis`.`availability`.`date` AS `date` from (`friday_tennis`.`players` join `friday_tennis`.`availability`) where ((`friday_tennis`.`players`.`PID` = `friday_tennis`.`availability`.`PID`) and (`friday_tennis`.`availability`.`unavailable` = 1));
